Title,Genre,Rating,Price,UPC
A Light in the Attic,Poetry,Three,£51.77,a897fe39b1053632
Tipping the Velvet,Historical Fiction,One,£53.74,90fa61229261140a
Soumission,Fiction,One,£50.10,6957f44c3847a760
Sharp Objects,Mystery,Four,£47.82,e00eb4fd7b871a48
Sapiens: A Brief History of Humankind,History,Five,£54.23,4165285e1663650f
The Requiem Red,Young Adult,One,£22.65,f77dbf2323deb740
The Dirty Little Secrets of Getting Your Dream Job,Business,Four,£33.34,2597b5a345f45e1b
"The Coming Woman: A Novel Based on the Life of the Infamous Feminist, Victoria Woodhull",Default,Three,£17.93,e72a5dfc7e9267b2
The Boys in the Boat: Nine Americans and Their Epic Quest for Gold at the 1936 Berlin Olympics,Default,Four,£22.60,e10e1e165dc8be4a
The Black Maria,Poetry,One,£52.15,1dfe412b8ac00530
"Starving Hearts (Triangular Trade Trilogy, #1)",Default,Two,£13.99,0312262ecafa5a40
Shakespeare's Sonnets,Poetry,Four,£20.66,30a7f60cd76ca58c
Set Me Free,Young Adult,Five,£17.46,ce6396b0f23f6ecc
Scott Pilgrim's Precious Little Life (Scott Pilgrim #1),Sequential Art,Five,£52.29,3b1c02bac2a429e6
Rip it Up and Start Again,Music,Five,£35.02,a34ba96d4081e6a4
"Our Band Could Be Your Life: Scenes from the American Indie Underground, 1981-1991",Music,Three,£57.25,deda3e61b9514b83
Olio,Poetry,One,£23.88,feb7cc7701ecf901
Mesaerion: The Best Science Fiction Stories 1800-1849,Science Fiction,One,£37.59,e30f54cea9b38190
Libertarianism for Beginners,Politics,Two,£51.33,a18a4f574854aced
It's Only the Himalayas,Travel,Two,£45.17,a22124811bfa8350
In Her Wake,Thriller,One,£12.84,23356462d1320d61
How Music Works,Music,Two,£37.32,327f68a59745c102
"Foolproof Preserving: A Guide to Small Batch Jams, Jellies, Pickles, Condiments, and More: A Foolproof Guide to Making Small Batch Jams, Jellies, Pickles, Condiments, and More",Food and Drink,Three,£30.52,5674a18a29a43ced
Chase Me (Paris Nights #2),Romance,Five,£25.27,c2e46a2ee3b4a322
Black Dust,Romance,Five,£34.53,00bfed9e18bb36f3
Birdsong: A Story in Pictures,Childrens,Three,£54.64,9528d0948525bf5f
America's Cradle of Quarterbacks: Western Pennsylvania's Football Factory from Johnny Unitas to Joe Montana,Default,Three,£22.50,c7d160c2c0de586f
Aladdin and His Wonderful Lamp,Default,Three,£53.13,904208d6aa64b655
Worlds Elsewhere: Journeys Around Shakespeare’s Globe,Nonfiction,Five,£40.30,4c28def39d850cdf
Wall and Piece,Art,Four,£44.18,ccd9ffa25efabdea
The Four Agreements: A Practical Guide to Personal Freedom,Spirituality,Five,£17.66,6258a1f6a6dcfe50
The Five Love Languages: How to Express Heartfelt Commitment to Your Mate,Nonfiction,Three,£31.05,3c039985229453bf
The Elephant Tree,Thriller,Five,£23.82,5dada2b7be26bd03
The Bear and the Piano,Childrens,One,£36.89,9f6568e9c95f60b0
Sophie's World,Philosophy,Five,£15.94,6be3beb0793a53e7
Penny Maybe,Default,Three,£33.29,668fe56b17cfcd4f
Maude (1883-1993):She Grew Up with the country,Default,Two,£18.02,094b269567e1c300
"In a Dark, Dark Wood",Mystery,One,£19.63,19ed25f4641d5efd
Behind Closed Doors,Thriller,Four,£52.22,be5cc846f45496fb
You can't bury them all: Poems,Poetry,Two,£33.63,55f9da0c5eea2e10
Slow States of Collapse: Poems,Poetry,Three,£57.31,b4fd5943413e089a
Reasons to Stay Alive,Nonfiction,Two,£26.41,c8f7f0cb1abb9cac
Private Paris (Private #10),Fiction,Five,£47.61,b12b89017878a60d
#HigherSelfie: Wake Up Your Life. Free Your Soul. Find Your Tribe.,Nonfiction,Five,£23.11,c27f6e1f185b0383
Without Borders (Wanderlove #1),New Adult,Two,£45.07,acddfeab2a407640
When We Collided,Contemporary,One,£31.77,3ecb690d1542c568
"We Love You, Charlie Freeman",Fiction,Five,£50.27,8d455c7539795d2a
Untitled Collection: Sabbath Poems 2014,Poetry,Four,£14.27,657fe5ead67a7767
"Unseen City: The Majesty of Pigeons, the Discreet Charm of Snails & Other Wonders of the Urban Wilderness",Nonfiction,Four,£44.18,d170b5a0da46380e
Unicorn Tracks,Fantasy,Three,£18.78,7ae099f3898e0209
"Unbound: How Eight Technologies Made Us Human, Transformed Society, and Brought Our World to the Brink",History,One,£25.52,9a9d6e9bc555731e
Tsubasa: WoRLD CHRoNiCLE 2 (Tsubasa WoRLD CHRoNiCLE #2),Sequential Art,One,£16.28,09555be379ad9253
Throwing Rocks at the Google Bus: How Growth Became the Enemy of Prosperity,Nonfiction,Three,£31.12,7858914fad68493c
This One Summer,Sequential Art,Four,£19.49,51653ef291ab7ddc
Thirst,Fiction,Five,£17.27,709822d0b5bcb7f4
The Torch Is Passed: A Harding Family Story,Add a comment,One,£19.09,4eed62cf5f8d8edf
The Secret of Dreadwillow Carse,Childrens,One,£56.13,b5ea0b5dabed25a8
"The Pioneer Woman Cooks: Dinnertime: Comfort Classics, Freezer Food, 16-Minute Meals, and Other Delicious Ways to Solve Supper!",Food and Drink,One,£56.41,142d767a56a9254d
The Past Never Ends,Mystery,Four,£56.50,5ee94540d0749ea0
The Natural History of Us (The Fine Art of Pretending #2),Young Adult,Three,£45.22,cedf82b5086e4691
The Nameless City (The Nameless City #1),Sequential Art,Four,£38.16,7d385d34d12e60ff
The Murder That Never Was (Forensic Instincts #5),Fiction,Three,£54.11,d01ac97e2b8947c2
The Most Perfect Thing: Inside (and Outside) a Bird's Egg,Science,Four,£42.96,aadee1c326d286e3
"The Mindfulness and Acceptance Workbook for Anxiety: A Guide to Breaking Free from Anxiety, Phobias, and Worry Using Acceptance and Commitment Therapy",Add a comment,Four,£23.89,31075275518532d7
The Life-Changing Magic of Tidying Up: The Japanese Art of Decluttering and Organizing,Nonfiction,Three,£16.77,0da9aa9d24677fc0
"The Inefficiency Assassin: Time Management Tactics for Working Smarter, Not Longer",Default,Five,£20.59,8c9e6bf2467d740d
The Gutsy Girl: Escapades for Your Life of Epic Adventure,Nonfiction,One,£37.13,acd86a5426e21ca0
The Electric Pencil: Drawings from Inside State Hospital No. 3,Nonfiction,One,£56.06,a30b270e25489e5c
The Death of Humanity: and the Case for Life,Philosophy,Four,£58.11,bd261725b99f5983
"The Bulletproof Diet: Lose up to a Pound a Day, Reclaim Energy and Focus, Upgrade Your Life",Health,Three,£49.05,43c6a960757cf559
The Art Forger,Add a comment,Three,£40.76,80cfab6bcff3a244
The Age of Genius: The Seventeenth Century and the Birth of the Modern Mind,History,One,£19.73,a3d2a4250807f1e9
The Activist's Tao Te Ching: Ancient Advice for a Modern Revolution,Spirituality,Five,£32.24,7d6d2a6c0276f81b
Spark Joy: An Illustrated Master Class on the Art of Organizing and Tidying Up,Nonfiction,Four,£41.83,87b0615b6e1f4d7b
Soul Reader,Default,Two,£39.58,e6af5bf1163c1151
Security,Horror,Two,£39.25,6f78a0d744c35456
"Saga, Volume 6 (Saga (Collected Editions) #6)",Fantasy,Three,£25.02,c849f0b2f5d6a742
"Saga, Volume 5 (Saga (Collected Editions) #5)",Sequential Art,Two,£51.04,53a3d11bb568cc8b
Reskilling America: Learning to Labor in the Twenty-First Century,Nonfiction,Two,£19.83,d7310206583a54b6
"Rat Queens, Vol. 3: Demons (Rat Queens (Collected Editions) #11-15)",Sequential Art,Three,£50.40,c82a3e358c773c73
"Princess Jellyfish 2-in-1 Omnibus, Vol. 01 (Princess Jellyfish 2-in-1 Omnibus #1)",Sequential Art,Five,£13.61,0fa6dceead7ce47a
Princess Between Worlds (Wide-Awake Princess #5),Fantasy,Five,£13.34,0e691eda369f4e09
"Pop Gun War, Volume 1: Gift",Sequential Art,One,£18.97,e80f8e518b300dfe
"Political Suicide: Missteps, Peccadilloes, Bad Calls, Backroom Hijinx, Sordid Pasts, Rotten Breaks, and Just Plain Dumb Mistakes in the Annals of American Politics",History,Two,£36.28,7392c0032f92d816
Patience,Sequential Art,Three,£10.16,9429b4d59c537af5
"Outcast, Vol. 1: A Darkness Surrounds Him (Outcast #1)",Sequential Art,Four,£15.44,889139b8e9c4cb36
orange: The Complete Collection 1 (orange: The Complete Collection #1),Sequential Art,One,£48.41,11809b1d323b3057
Online Marketing for Busy Authors: A Step-By-Step Guide,Self Help,One,£46.35,9ffa38d3b832433a
On a Midnight Clear,Add a comment,Three,£14.07,b757c0c361e689ce
Obsidian (Lux #1),Young Adult,Two,£14.86,3c346ab1e76ae1f6
My Paris Kitchen: Recipes and Stories,Food and Drink,Two,£33.37,784bc2279baa878d
Masks and Shadows,Fantasy,Two,£56.40,fa9610a50a1bf149
"Mama Tried: Traditional Italian Cooking for the Screwed, Crude, Vegan, and Tattooed",Food and Drink,Four,£14.02,72f9d5be3472d34e
"Lumberjanes, Vol. 2: Friendship to the Max (Lumberjanes #5-8)",Sequential Art,Two,£46.91,460089f796fb3f82
"Lumberjanes, Vol. 1: Beware the Kitten Holy (Lumberjanes #1-4)",Sequential Art,Three,£45.61,b6ee99bcf06fc91f
Lumberjanes Vol. 3: A Terrible Plan (Lumberjanes #9-12),Sequential Art,Two,£19.92,57e5a4d515c8ce44
"Layered: Baking, Building, and Styling Spectacular Cakes",Food and Drink,One,£40.11,7b75cc7f223791f4
Judo: Seven Steps to Black Belt (an Introductory Guide for Beginners),Add a comment,Two,£53.90,228f74b74f3a08ae
Join,Science Fiction,Five,£35.67,18ad3ed896c7ce05
In the Country We Love: My Family Divided,Nonfiction,Four,£22.00,b136b1b180ca753a
Immunity: How Elie Metchnikoff Changed the Course of Modern Medicine,Science,Five,£57.36,e4f74c16de34d440
"I Hate Fairyland, Vol. 1: Madly Ever After (I Hate Fairyland (Compilations) #1-5)",Sequential Art,Two,£29.17,8d4eefad7a2b3915
I am a Hero Omnibus Volume 1,Sequential Art,Three,£54.63,1c89ae5bb804e4de
How to Be Miserable: 40 Strategies You Already Use,Self Help,One,£46.03,a6f99b9e687f9d46
Her Backup Boyfriend (The Sorensen Family #1),Romance,One,£33.97,2a97cffe61c3c4c7
"Giant Days, Vol. 2 (Giant Days #5-8)",Sequential Art,Two,£22.11,f2df3bb043a8abb0
Forever and Forever: The Courtship of Henry Longfellow and Fanny Appleton,Historical Fiction,Three,£29.69,9beb96a2300109d7
First and First (Five Boroughs #3),Romance,Four,£15.97,9e28048cea8d41f7
Fifty Shades Darker (Fifty Shades #2),Romance,One,£21.96,7add3f8e49ec0826
Everydata: The Misinformation Hidden in the Little Data You Consume Every Day,Nonfiction,Two,£54.35,311c0dd0e354a33e
"Don't Be a Jerk: And Other Practical Advice from Dogen, Japan's Greatest Zen Master",Religion,Two,£37.97,fce19f9b4a943f22
Danganronpa Volume 1,Sequential Art,Four,£51.99,09b6cc87e62c2c58
Crown of Midnight (Throne of Glass #2),Fantasy,Three,£43.29,7267864328ae8b9d
"Codename Baboushka, Volume 1: The Conclave of Death",Sequential Art,Four,£36.72,8754c83ab2a7ae71
Camp Midnight,Sequential Art,Four,£17.08,7b599c8bfcdd8d30
Call the Nurse: True Stories of a Country Nurse on a Scottish Isle,Nonfiction,Five,£29.14,bee3672891cca906
Burning,Young Adult,Three,£28.81,5ceb951f629700a2
Bossypants,Default,Two,£49.46,74baabfc8fd84b38
"Bitch Planet, Vol. 1: Extraordinary Machine (Bitch Planet (Collected Editions))",Sequential Art,Two,£37.92,bdf415fd484ea8a7
"Avatar: The Last Airbender: Smoke and Shadow, Part 3 (Smoke and Shadow #3)",Fantasy,Two,£28.09,6d5300b2d8f37e07
Algorithms to Live By: The Computer Science of Human Decisions,Nonfiction,One,£30.81,38d45839cb1c83c1
A World of Flavor: Your Gluten Free Passport,Default,One,£42.95,70ed59f194b3c556
"A Piece of Sky, a Grain of Rice: A Memoir in Four Meditations",Default,Five,£56.76,8a380641491d43ed
A Murder in Time,Mystery,One,£16.64,f733e8c19d40ec2e
A Flight of Arrows (The Pathfinders #2),Historical Fiction,Five,£55.53,3a6fb983e2554023
A Fierce and Subtle Poison,Young Adult,Four,£28.13,842790dfaa937484
A Court of Thorns and Roses (A Court of Thorns and Roses #1),Fantasy,One,£52.37,01d2001ac1e6f8a3
(Un)Qualified: How God Uses Broken People to Do Big Things,Christian,Five,£54.00,e4ac92d89b946781
You Are What You Love: The Spiritual Power of Habit,Religion,Four,£21.87,796c87ddbbaaf8c5
"William Shakespeare's Star Wars: Verily, A New Hope (William Shakespeare's Star Wars #4)",Science Fiction,Four,£43.30,9270575728a13a61
Tuesday Nights in 1980,Fiction,Two,£21.04,b8736690cf263a3c
Tracing Numbers on a Train,Default,Three,£41.60,d7d6d50c1e3d0b81
Throne of Glass (Throne of Glass #1),Fantasy,Three,£35.07,590a9cccf7db9f7d
Thomas Jefferson and the Tripoli Pirates: The Forgotten War That Changed American History,History,One,£59.64,de3f25248ba0789f
Thirteen Reasons Why,Default,One,£52.72,bc2a85fd35fdc7bd
The White Cat and the Monk: A Retelling of the Poem “Pangur Bán”,Childrens,Four,£58.08,37c0cb19713d8dda
The Wedding Dress,Romance,One,£24.12,623e1a180426039b
The Vacationers,Fiction,Four,£42.15,fd3a622648667296
The Third Wave: An Entrepreneur’s Vision of the Future,Business,Five,£12.61,3bebf34ee9330cbd
The Stranger,Philosophy,Four,£17.44,f5a92cff83897d48
The Shadow Hero (The Shadow Hero),Sequential Art,One,£33.14,d6361d16212664ed
The Secret (The Secret #1),Default,Four,£27.37,961f18db4f138211
The Regional Office Is Under Attack!,Fiction,Five,£51.36,0651062381f0636a
The Psychopath Test: A Journey Through the Madness Industry,Default,Two,£36.00,e98a4efa85070c2f
The Project,Science Fiction,One,£10.65,790ef197c8f236f5
The Power of Now: A Guide to Spiritual Enlightenment,Nonfiction,Two,£43.54,8ec14b1576cb7cb5
The Omnivore's Dilemma: A Natural History of Four Meals,Nonfiction,Two,£38.21,209adad1015af86f
The Nerdy Nummies Cookbook: Sweet Treats for the Geek in All of Us,Food and Drink,Five,£37.34,e4c7f3487d17fd42
The Murder of Roger Ackroyd (Hercule Poirot #4),Mystery,Four,£44.10,c7b5183f4d1d4efe
The Mistake (Off-Campus #2),New Adult,Three,£43.29,99ff4cc6491e8f5c
The Matchmaker's Playbook (Wingmen Inc. #1),New Adult,One,£55.85,08db62f24627e71f
The Love and Lemons Cookbook: An Apple-to-Zucchini Celebration of Impromptu Cooking,Food and Drink,Two,£37.60,e28e330cbdf01126
The Long Shadow of Small Ghosts: Murder and Memory in an American City,Crime,One,£10.97,abeafe151a587d3b
The Kite Runner,Default,Four,£41.82,eac1a180047ad54e
The House by the Lake,Historical Fiction,One,£36.95,9287e238d7c3b06e
The Glittering Court (The Glittering Court #1),Fantasy,One,£44.28,2dbb7ec08cdd7f3c
The Girl on the Train,Default,Two,£55.02,e956d67c9bcc5809
The Genius of Birds,Nonfiction,One,£17.24,42d0d7c92b75fc1c
The Emerald Mystery,Default,Two,£23.15,d6670dfe3e7b42bd
The Cookies & Cups Cookbook: 125+ sweet & savory recipes reminding you to Always Eat Dessert First,Food and Drink,One,£41.25,96a38e7c813d8f1d
The Bridge to Consciousness: I'm Writing the Bridge Between Science and Our Old and New Beliefs.,Default,Three,£32.00,efc3768127714ec3
The Artist's Way: A Spiritual Path to Higher Creativity,Nonfiction,Five,£38.49,dd047728de72ad62
The Art of War,Default,Five,£33.34,e7469e22b5bfb3e7
The Argonauts,Autobiography,Two,£10.93,c99761a700ade23f
The 10% Entrepreneur: Live Your Startup Dream Without Quitting Your Day Job,Business,Three,£27.55,56e4f9eab2e8e674
Suddenly in Love (Lake Haven #1),Romance,Two,£55.99,203b7f94b7d6115f
Something More Than This,Romance,Four,£16.24,ca71e72655bece85
Soft Apocalypse,Science Fiction,Two,£26.12,2a70769cdc6eb8b8
So You've Been Publicly Shamed,Nonfiction,Two,£12.23,1b33663ad7b95fd8
Shoe Dog: A Memoir by the Creator of NIKE,Business,Two,£23.99,0e0dcc3339602b28
"Shobu Samurai, Project Aryoku (#3)",Add a comment,Three,£29.06,0c27e6c3744fc14b
Secrets and Lace (Fatal Hearts #1),Default,One,£20.27,ad04ad9fc179fc5d
Scarlett Epstein Hates It Here,Young Adult,Five,£43.55,1c929cfd16b71907
Romero and Juliet: A Tragic Tale of Love and Zombies,Default,One,£36.94,e656e280bc8edd56
Redeeming Love,Christian Fiction,Five,£20.47,b53db2271c9624f7
Poses for Artists Volume 1 - Dynamic and Sitting Poses: An Essential Reference for Figure Drawing and the Human Form,Default,One,£41.06,d9c643fa1fc57bdb
Poems That Make Grown Women Cry,Poetry,Four,£14.19,31001a1210623bd4
"Nightingale, Sing",Young Adult,One,£38.28,50b8f80311b31ede
Night Sky with Exit Wounds,Poetry,One,£41.05,cfeb1e1e0e695b58
Mrs. Houdini,Historical Fiction,Five,£30.25,a40723994f715420
Modern Romance,Add a comment,Five,£28.26,caf4fe9311f1dc59
Miss Peregrine’s Home for Peculiar Children (Miss Peregrine’s Peculiar Children #1),Default,One,£10.76,af96613fdd793a3c
Louisa: The Extraordinary Life of Mrs. Adams,Biography,Two,£16.85,d69dd8dac66f9f84
Little Red,Childrens,Three,£13.47,4aa03792b50f0b22
Library of Souls (Miss Peregrine’s Peculiar Children #3),Young Adult,Five,£48.56,ba54932df84e8cea
Large Print Heart of the Pride,Default,Two,£19.15,c1afd71fc86bf682
I Had a Nice Time And Other Lies...: How to find love & sh*t like that,Womens Fiction,Four,£57.36,fd8585283fc7d2d7
Hollow City (Miss Peregrine’s Peculiar Children #2),Fantasy,One,£42.98,4ce91d31c1e57c33
Grumbles,Default,Two,£22.16,d163dd6c352fbcd2
Full Moon over Noah’s Ark: An Odyssey to Mount Ararat and Beyond,Travel,Four,£49.43,ce60436f52c5ee68
Frostbite (Vampire Academy #2),Young Adult,Five,£29.99,116a2fdc9a45bab0
Follow You Home,Horror,One,£21.36,8585760646e3aa2a
First Steps for New Christians (Print Edition),Default,One,£29.00,2f88b08bf0a0e367
Finders Keepers (Bill Hodges Trilogy #2),Fiction,Five,£53.53,edb3097e71330040
"Fables, Vol. 1: Legends in Exile (Fables #1)",Sequential Art,Four,£41.62,65d034adf80834b7
Eureka Trivia 6.0,Default,Four,£54.59,29c0025455f8c585
Drive: The Surprising Truth About What Motivates Us,Default,Four,£34.95,6ffb36aaeff1c81e
Done Rubbed Out (Reightman & Bailey #1),Default,Five,£37.72,f6d967cdadc6fbd9
Doing It Over (Most Likely To #1),Romance,Three,£35.61,3a11bb962ff45b78
"Deliciously Ella Every Day: Quick and Easy Recipes for Gluten-Free Snacks, Packed Lunches, and Simple Meals",Food and Drink,Three,£42.16,46c1530d7546ea6d
Dark Notes,Erotica,Five,£19.19,88c21fcd38e2486e
"Daring Greatly: How the Courage to Be Vulnerable Transforms the Way We Live, Love, Parent, and Lead",Nonfiction,Three,£19.43,3b9a3b4624b7fd6d
Close to You,Christian Fiction,Four,£49.46,a57b1dcbd6849222
Chasing Heaven: What Dying Taught Me About Living,Spirituality,Two,£37.80,513271dadc1322ae
Big Magic: Creative Living Beyond Fear,Nonfiction,Three,£30.80,1f329c2e7d7de8bd
Becoming Wise: An Inquiry into the Mystery and Art of Living,Nonfiction,Two,£27.43,919e7cb2269a25d2
Beauty Restored (Riley Family Legacy Novellas #3),Default,Two,£11.11,3f69e667a67e54d9
Batman: The Long Halloween (Batman),Sequential Art,Two,£36.50,7edc0527cf782e19
Batman: The Dark Knight Returns (Batman),Sequential Art,Five,£15.38,47271d8e08b5d31c
Ayumi's Violin,Default,Two,£15.48,05f7c6d9a4e582d3
Anonymous,Default,Four,£46.82,d24b829be2ca81c4
Amy Meets the Saints and Sages,Default,Three,£18.46,7ebfa6c1bee69e1e
Amid the Chaos,Cultural,One,£36.58,bb8245f52c7cce8f
Amatus,Default,Five,£50.54,ffd54178acc9a6a5
Agnostic: A Spirited Manifesto,Nonfiction,Five,£12.51,d195e7f4ed697350
Zealot: The Life and Times of Jesus of Nazareth,History,Three,£24.70,dd5bfa6cc2c0ecc3
You (You #1),Thriller,Five,£43.61,024387ca4cafd5cc
"Wonder Woman: Earth One, Volume One (Wonder Woman: Earth One #1)",Sequential Art,Four,£37.34,047097293bb4d1c0
Wild Swans,Young Adult,Two,£14.36,3fb15ace50d6142b
Why the Right Went Wrong: Conservatism--From Goldwater to the Tea Party and Beyond,Politics,Four,£52.65,2b5054a4192e9b06
Whole Lotta Creativity Going On: 60 Fun and Unusual Exercises to Awaken and Strengthen Your Creativity,Nonfiction,Four,£38.20,44a10f1ac8ce822e
What's It Like in Space?: Stories from Astronauts Who've Been There,Nonfiction,Two,£19.60,6fd646a334e6e133
"We Are Robin, Vol. 1: The Vigilante Business (We Are Robin #1)",Sequential Art,One,£53.90,92275cedf6d8ee15
Walt Disney's Alice in Wonderland,Childrens,Five,£12.96,6a31307a81e8f3a8
V for Vendetta (V for Vendetta Complete),Default,Four,£37.10,4a1debca3135ff37
Until Friday Night (The Field Party #1),Young Adult,Two,£46.31,aba2db9afb1469c7
"Unbroken: A World War II Story of Survival, Resilience, and Redemption",Default,Two,£45.95,76c84daa539426e2
Twenty Yawns,Childrens,Two,£22.08,1d6443ffba9dfd80
Through the Woods,Sequential Art,Two,£25.38,6e44bcbeac7f4360
This Is Where It Ends,Young Adult,Two,£27.12,f0f38174a7e689a3
The Year of Magical Thinking,Nonfiction,Two,£43.04,34c0d7c4ee5650af
The Wright Brothers,Default,Four,£56.80,08b2f71d93836313
The White Queen (The Cousins' War #1),Add a comment,Five,£25.91,6875c5657661b2fb
The Wedding Pact (The O'Malleys #2),Romance,Three,£32.61,c5cb9f885d8b3621
The Time Keeper,Fiction,Five,£27.88,e9906e2f0d189745
The Testament of Mary,Fiction,Four,£52.67,081305e6df719dff
The Star-Touched Queen,Fantasy,Five,£46.02,1528279aec1f3dce
The Songs of the Gods,Default,Five,£44.48,00c4543ec6bd25b4
The Song of Achilles,Add a comment,Five,£37.40,e88fb1c9397cfb27
The Rosie Project (Don Tillman #1),Default,One,£54.04,012094e90a4b908d
The Power of Habit: Why We Do What We Do in Life and Business,Default,Three,£16.88,6bdd909329435e80
The Marriage of Opposites,Historical Fiction,Four,£28.08,52cf2a5933ec5d8f
The Lucifer Effect: Understanding How Good People Turn Evil,Psychology,One,£10.40,4e812d32d64e2431
The Long Haul (Diary of a Wimpy Kid #9),Humor,One,£44.07,f21effc079a2b38a
The Loney,Horror,One,£23.40,2d88a31f325dfd3b
The Literature Book (Big Ideas Simply Explained),Nonfiction,Three,£17.43,4881cc53f6c8892f
The Last Mile (Amos Decker #2),Mystery,Two,£54.21,3bc89353f7e3a3cc
The Immortal Life of Henrietta Lacks,Add a comment,Two,£40.67,f72f61ad6a5f12ed
The Hidden Oracle (The Trials of Apollo #1),Fantasy,Two,£52.26,992974ba6a0536ea
The Help Yourself Cookbook for Kids: 60 Easy Plant-Based Recipes Kids Can Make to Stay Healthy and Save the Earth,Food and Drink,Three,£28.77,ddc8340dabc8641b
The Guilty (Will Robie #4),Thriller,Two,£13.82,847935fc68707426
The First Hostage (J.B. Collins #2),Fiction,Three,£25.85,a86972014275e072
The Dovekeepers,Add a comment,One,£48.78,3d76bc83c6b644c9
The Darkest Lie,Young Adult,Five,£35.35,6edacfd1f8ebb9eb
The Bane Chronicles (The Bane Chronicles #1-11),Fantasy,Four,£44.73,dc6f688b82e42a5b
The Bad-Ass Librarians of Timbuktu: And Their Race to Save the World’s Most Precious Manuscripts,Nonfiction,One,£15.77,923831a05c9f91f7
The 14th Colony (Cotton Malone #11),Thriller,One,£39.24,1b8187fa4bf6ab05
That Darkness (Gardiner and Renner #1),Mystery,One,£13.92,0c7b9cf2b7662b65
Tastes Like Fear (DI Marnie Rome #3),Mystery,One,£10.69,2d1e337aaf341858
Take Me with You,Fiction,Three,£45.21,2c04320e110a14a3
Swell: A Year of Waves,Nonfiction,One,£45.58,4c8b7540409da4ac
Superman Vol. 1: Before Truth (Superman by Gene Luen Yang #1),Sequential Art,Five,£11.89,ac8e3949d284e9a9
Still Life with Bread Crumbs,Fiction,Three,£26.41,fe44cc816576c652
Steve Jobs,Default,Five,£39.50,95019eac1c0a052f
Sorting the Beef from the Bull: The Science of Food Fraud Forensics,Science,Four,£44.74,3edcccc4f341fb1a
Someone Like You (The Harrisons #2),Contemporary,Five,£52.79,a278db6b2b09cf9f
"So Cute It Hurts!!, Vol. 6 (So Cute It Hurts!! #6)",Sequential Art,Four,£35.43,394f6d30cafc3edb
Shtum,Fiction,Four,£55.84,830fb3967c74866d
See America: A Celebration of Our National Parks & Treasured Sites,Travel,Three,£48.87,f9705c362f070608
salt.,Poetry,Four,£46.78,86cbddb61ea78bb7
Robin War,Sequential Art,Three,£47.82,85b2176b3b194030
"Red Hood/Arsenal, Vol. 1: Open for Business (Red Hood/Arsenal #1)",Sequential Art,Two,£25.48,31e2e2d9cca3778f
Rain Fish,Childrens,Three,£23.57,a6454e329f872b78
"Quarter Life Poetry: Poems for the Young, Broke and Hangry",Poetry,Five,£50.89,aa35446aab16017f
Pet Sematary,Horror,Three,£10.56,af58a74e4b2a23a0
"Overload: How to Unplug, Unwind, and Unleash Yourself from the Pressure of Stress",Self Help,Three,£52.15,8ecf0356a3878811
Once Was a Time,Childrens,Two,£18.28,e34efcc824685332
Old School (Diary of a Wimpy Kid #10),Humor,Five,£11.83,02b74068fa98d8a4
No Dream Is Too High: Life Lessons From a Man Who Walked on the Moon,Nonfiction,Two,£21.95,132ec5e8c984adef
"Naruto (3-in-1 Edition), Vol. 14: Includes Vols. 40, 41 & 42 (Naruto: Omnibus #14)",Sequential Art,Two,£38.39,71e36f33981ddb74
My Name Is Lucy Barton,Fiction,One,£41.56,727bf2b86b19ad88
My Mrs. Brown,Fiction,Three,£24.48,cc82685d9f49bc2c
My Kind of Crazy,Young Adult,One,£40.36,137b0b2775701e11
Mr. Mercedes (Bill Hodges Trilogy #1),Fiction,One,£28.90,caa2e5b3fb1b2d4c
More Than Music (Chasing the Dream #1),Add a comment,Two,£37.61,47d47155e89c8be7
Made to Stick: Why Some Ideas Survive and Others Die,Business,Five,£38.85,b96fc7a0ea7d4b45
Luis Paints the World,Childrens,Three,£53.95,5b43cae640f2338a
Luckiest Girl Alive,Default,Three,£49.83,d512871626a5e588
Lowriders to the Center of the Earth (Lowriders in Space #2),Sequential Art,Two,£51.51,a10c7515834240f3
Love Is a Mix Tape (Music #1),Music,One,£18.03,adb5f51c2e2ab13f
Looking for Lovely: Collecting the Moments that Matter,Nonfiction,Five,£29.14,24af96df0bafb925
"Living Leadership by Insight: A Good Leader Achieves, a Great Leader Builds Monuments",Default,Four,£46.91,17fb5a88180f9904
Let It Out: A Journey Through Journaling,Nonfiction,Five,£26.79,1174156c4a0eccaa
Lady Midnight (The Dark Artifices #1),Default,Five,£16.28,708345c9897fd7c5
"It's All Easy: Healthy, Delicious Weeknight Meals in under 30 Minutes",Food and Drink,One,£19.55,245e6bf08b8d2955
Island of Dragons (Unwanteds #7),Fantasy,One,£29.65,2b52334fab158861
I Know What I'm Doing -- and Other Lies I Tell Myself: Dispatches from a Life Under Construction,Humor,Four,£25.98,b8a8ff84233f0570
I Am Pilgrim (Pilgrim #1),Fiction,Four,£10.60,aeff7b87a8e83ebb
"Hyperbole and a Half: Unfortunate Situations, Flawed Coping Mechanisms, Mayhem, and Other Things That Happened",Humor,Five,£14.75,fbb21a2f71f4d981
"Hush, Hush (Hush, Hush #1)",Default,Three,£47.02,6b6cd77fbc91b7a6
Hold Your Breath (Search and Rescue #1),Romance,One,£28.82,0b165bd4b9f42fd5
Hamilton: The Revolution,Nonfiction,Three,£58.79,afa829857f82f99e
Greek Mythic History,Default,Five,£10.23,f201f263d8c23f97
God: The Most Unpleasant Character in All Fiction,Religion,Five,£30.03,eec424a84c9e4c68
Glory over Everything: Beyond The Kitchen House,Historical Fiction,Three,£45.84,de4b403cb629a29f
Feathers: Displays of Brilliant Plumage,Art,Three,£49.05,9194ae88379dbf1a
"Far & Away: Places on the Brink of Change: Seven Continents, Twenty-Five Years",Nonfiction,Four,£15.06,ac4dde0d1be05de0
Every Last Word,Default,Three,£46.47,a2bd4ca82d908442
Eligible (The Austen Project #4),Fiction,Three,£27.09,9eaf58b03a2779cc
El Deafo,Sequential Art,Five,£57.62,27c5968fe43cc06e
Eight Hundred Grapes,Fiction,Four,£14.39,1d6dd0c87d90fe92
"Eaternity: More than 150 Deliciously Easy Vegan Recipes for a Long, Healthy, Satisfied, Joyful Life",Nonfiction,Five,£51.75,a01f6d368ef64dc5
"Eat Fat, Get Thin",Health,Two,£54.07,047dfa57ba0bf638
Don't Get Caught,Young Adult,One,£55.35,ad2887ce04583910
Doctor Sleep (The Shining #2),Horror,Two,£40.12,bf5de316a5e9a4ab
Demigods & Magicians: Percy and Annabeth Meet the Kanes (Percy Jackson & Kane Chronicles Crossover #1-3),Fantasy,Five,£37.51,3c6fe637a0180b01
Dear Mr. Knightley,Fiction,Five,£11.21,94a958ea126cdcd5
Daily Fantasy Sports,Default,One,£36.58,0e94a089328be4bc
Crazy Love: Overwhelmed by a Relentless God,Christian,Two,£47.72,4b9d9cfe0f435788
Cometh the Hour (The Clifton Chronicles #6),Fiction,Three,£25.01,28cf0d1c51b491e5
Code Name Verity (Code Name Verity #1),Add a comment,Four,£22.13,33a3e0e3ffde0dcd
Clockwork Angel (The Infernal Devices #1),Default,One,£44.14,42b0c50fc44140ec
City of Glass (The Mortal Instruments #3),Fantasy,Four,£56.02,966ebb738e0f9d9b
City of Fallen Angels (The Mortal Instruments #4),Default,Four,£11.23,1e264c677d4ee4ae
City of Bones (The Mortal Instruments #1),Default,One,£43.28,5b987e54ee72525c
City of Ashes (The Mortal Instruments #2),Default,One,£47.27,8a6ec2761f91dad2
Cell,Add a comment,Four,£20.29,bfbb54bc8cdeed2b
Catching Jordan (Hundred Oaks),Young Adult,Three,£50.83,e2e7b683b4c15b7d
"Carry On, Warrior: Thoughts on Life Unarmed",Default,Three,£31.85,1b0fc9f777cad045
Carrie,Default,Two,£46.23,5f22418922fa728b
Buying In: The Secret Dialogue Between What We Buy and Who We Are,Nonfiction,Four,£37.80,16ef91b9d827859c
Brain on Fire: My Month of Madness,Nonfiction,Five,£49.32,a80f66b254fe9eb3
Batman: Europa,Sequential Art,Two,£32.01,bf68dcb5fad3cc8c
Barefoot Contessa Back to Basics,Food and Drink,One,£28.01,999912e63a3262ae
Barefoot Contessa at Home: Everyday Recipes You'll Make Over and Over Again,Food and Drink,Five,£50.62,0e0da9192a025efc
Balloon Animals,Fiction,Three,£17.03,9b65f676984c9f0c
Art Ops Vol. 1,Sequential Art,Three,£48.80,ffdc825785c0ede8
Aristotle and Dante Discover the Secrets of the Universe (Aristotle and Dante Discover the Secrets of the Universe #1),Young Adult,Four,£58.14,41164b8ac02a2c42
Angels Walking (Angels Walking #1),Add a comment,Two,£34.20,1fbb5f786e53a0ce
Angels & Demons (Robert Langdon #1),Default,Three,£51.48,ad41c24ccac0c7ce
All the Light We Cannot See,Historical,Five,£29.87,39861fc1c0845d15
"Adulthood Is a Myth: A ""Sarah's Scribbles"" Collection",Sequential Art,Two,£10.90,5319169a72714c62
Abstract City,Nonfiction,Five,£56.37,cf1aa2fc02a7d1e0
A Time of Torment (Charlie Parker #14),Mystery,Five,£48.35,4416c474713ec1f5
A Study in Scarlet (Sherlock Holmes #1),Mystery,Two,£16.73,63ee5bc46066a8a8
"A Series of Catastrophes and Miracles: A True Story of Love, Science, and Cancer",Add a comment,Two,£56.48,c1379d3744f1dd2c
A People's History of the United States,Add a comment,Two,£40.79,1ad06aed9349af46
A Man Called Ove,Fiction,One,£39.72,8682c03de6a844ff
A Distant Mirror: The Calamitous 14th Century,History,Three,£14.58,d5e0526e1ab682a3
A Brush of Wings (Angels Walking #3),Add a comment,One,£55.51,01a177623cce9596
1491: New Revelations of the Americas Before Columbus,History,Three,£21.80,6e8e5626ac4d279e
"The Three Searches, Meaning, and the Story",Default,Three,£13.33,ac5e0d3938caf686
Searching for Meaning in Gailana,Fantasy,One,£38.73,2f0213137a80d485
Rook,Add a comment,Four,£37.86,44d97b6707dae3f0
My Kitchen Year: 136 Recipes That Saved My Life,Food and Drink,Two,£11.53,8bbd7df8a324f31d
13 Hours: The Inside Account of What Really Happened In Benghazi,Nonfiction,One,£27.06,4be9d1910f8a4e80
Will You Won't You Want Me?,Womens Fiction,Three,£13.86,077b635ff2afc578
Tipping Point for Planet Earth: How Close Are We to the Edge?,Science,One,£37.55,148715df5a02ea5e
The Star-Touched Queen,Fantasy,Five,£32.30,4a7a25be293ad678
The Silent Sister (Riley MacPherson #1),Fiction,Five,£46.29,ce1ae197ada2aec4
The Midnight Watch: A Novel of the Titanic and the Californian,Add a comment,One,£26.20,14e44163678e24dc
The Lonely City: Adventures in the Art of Being Alone,Nonfiction,Two,£33.26,582a21a1dbbef3cf
The Gray Rhino: How to Recognize and Act on the Obvious Dangers We Ignore,Add a comment,Four,£59.15,3063c7e95d0bf76f
The Golden Condom: And Other Essays on Love Lost and Found,Psychology,One,£39.43,235fa48eeed11d82
The Epidemic (The Program 0.6),Young Adult,Five,£14.44,f732d7d18a91d2ba
The Dinner Party,Fiction,Two,£56.54,c6ca293d4810e0d5
The Diary of a Young Girl,Nonfiction,Three,£59.90,54fc03f1e1d355db
The Children,Add a comment,Three,£11.88,64fd010bf8d15096
Stars Above (The Lunar Chronicles #4.5),Young Adult,Two,£48.05,b63ea3f7a57ae099
Snatched: How A Drug Queen Went Undercover for the DEA and Was Kidnapped By Colombian Guerillas,Nonfiction,Three,£21.21,f40fea200e0c644f
Raspberry Pi Electronics Projects for the Evil Genius,Default,Four,£49.67,ebf81a62e4798fd1
Quench Your Own Thirst: Business Lessons Learned Over a Beer or Two,Business,One,£43.14,8976d9161c027142
Psycho: Sanitarium (Psycho #1.5),Horror,Five,£36.97,b8d7b3f5c7a95d65
Poisonous (Max Revere Novels #3),Mystery,Three,£26.80,abdd91e96515a617
One with You (Crossfire #5),Add a comment,Four,£15.71,81ef44fcc5f454df
No Love Allowed (Dodge Cove #1),Young Adult,Four,£54.65,db84624b151cbe06
Murder at the 42nd Street Library (Raymond Ambler #1),Mystery,Four,£54.36,e7fe3bf2768602cf
Most Wanted,Mystery,Three,£35.28,c039f5aceb093537
"Love, Lies and Spies",Historical Fiction,Two,£20.55,9546d537fbf99eb6
How to Speak Golf: An Illustrated Guide to Links Lingo,Default,Five,£58.32,b978c9852cde91bd
Hide Away (Eve Duncan #20),Mystery,One,£11.84,bddc6fd036eb6279
Furiously Happy: A Funny Book About Horrible Things,Nonfiction,Four,£41.46,c6a29d6df8de968c
Everyday Italian: 125 Simple and Delicious Recipes,Food and Drink,Five,£20.10,76319fe9d8b465a3
Equal Is Unfair: America's Misguided Fight Against Income Inequality,Politics,One,£56.86,3968e3fbf4695d7c
Eleanor & Park,Default,Five,£56.51,6983328f15506cb9
Dirty (Dive Bar #1),Romance,Four,£40.83,df7e628bad5782b4
Can You Keep a Secret? (Fear Street Relaunch #4),Horror,One,£48.64,d069086944f2e330
Boar Island (Anna Pigeon #19),Mystery,Three,£59.48,49b24c6a41b82bd2
A Paris Apartment,Historical Fiction,Four,£39.01,63343e287971bb0c
"A la Mode: 120 Recipes in 60 Pairings: Pies, Tarts, Cakes, Crisps, and More Topped with Ice Cream, Gelato, Frozen Custard, and More",Food and Drink,One,£38.77,a4eef523118805ef
Troublemaker: Surviving Hollywood and Scientology,Default,Two,£48.39,515cb8fcafb1ad98
The Widow,Mystery,Two,£27.26,6159d8b187831770
"The Sleep Revolution: Transforming Your Life, One Night at a Time",Nonfiction,Four,£11.68,985991708c47003e
The Improbability of Love,Fiction,One,£59.45,437d8dea9272d0a9
The Art of Startup Fundraising,Business,Three,£21.00,1c584f82a7a1c4f0
Take Me Home Tonight (Rock Star Romance #3),Romance,Three,£53.98,cf62fa272b5f0fa3
Sleeping Giants (Themis Files #1),Science Fiction,One,£48.74,f435aa99d864077d
"Setting the World on Fire: The Brief, Astonishing Life of St. Catherine of Siena",Biography,Two,£21.15,b06599b108e83f98
Playing with Fire,Mystery,Three,£13.71,05a61a3bd8ca4149
Off the Hook (Fishing for Trouble #1),Romance,Three,£47.67,b783ce08802cd1d1
Mothering Sunday,Fiction,Two,£13.34,47e1b2d43f709995
"Mother, Can You Not?",Nonfiction,Five,£16.89,28b2df9fadc9f07e
M Train,Autobiography,One,£27.18,5569c3fea112718e
Lilac Girls,Historical Fiction,Two,£17.28,bade9943ee01b63f
Lies and Other Acts of Love,Fiction,One,£45.14,469508882dfc1991
Lab Girl,Autobiography,One,£40.85,825d6c44da3ca5a6
Keep Me Posted,Womens Fiction,Four,£20.46,20dc4f1ac5d4fd9c
It Didn't Start with You: How Inherited Family Trauma Shapes Who We Are and How to End the Cycle,Psychology,Three,£56.27,ce8666d9b42fc9a0
Grey (Fifty Shades #4),Womens Fiction,Four,£48.49,b5953ca1f8a0b8d7
"Exit, Pursued by a Bear",Young Adult,Four,£51.34,c65c25d990fc7025
Daredevils,Fiction,Three,£16.34,f608c903c451f387
Cravings: Recipes for What You Want to Eat,Food and Drink,Three,£20.50,2587c54f5530dafc
Born for This: How to Find the Work You Were Meant to Do,Business,Five,£21.59,816180220e8cb419
Arena,Science Fiction,Four,£21.36,2c34f9432069b52b
Adultery,Default,Five,£20.88,bb967277222e689c
A Mother's Reckoning: Living in the Aftermath of Tragedy,Nonfiction,Three,£19.53,2b69dec0193511d9
A Gentleman's Position (Society of Gentlemen #3),Romance,Five,£14.75,40c4bf520c17de54
11/22/63,Fiction,Three,£48.48,a9d7b75461084a26
"10% Happier: How I Tamed the Voice in My Head, Reduced Stress Without Losing My Edge, and Found Self-Help That Actually Works",Nonfiction,Two,£24.57,34669b2e9d407d3a
10-Day Green Smoothie Cleanse: Lose Up to 15 Pounds in 10 Days!,Health,Five,£49.71,96aa539bfd4c07e2
Without Shame,Add a comment,Five,£48.27,ab60e6f5a63e1cfb
Watchmen,Add a comment,Four,£58.05,d1848064c54e01c7
Unlimited Intuition Now,Default,Four,£58.87,4fd0a2a350f016e6
Underlying Notes,Default,Two,£11.82,0967effecd292a86
The Shack,Fiction,One,£28.03,903a9f8090104c2c
The New Brand You: Your New Image Makes the Sale for You,Default,Five,£44.05,4b50fb1359ebf35d
"The Moosewood Cookbook: Recipes from Moosewood Restaurant, Ithaca, New York",Food and Drink,Four,£12.34,65cfc9f242c2984a
The Flowers Lied,Default,Two,£16.68,33396269bcce166f
"The Fabric of the Cosmos: Space, Time, and the Texture of Reality",Science,One,£55.91,ca74f2e3c35a3e77
The Book of Mormon,Religion,Three,£24.57,3f25a2fedae191cc
The Art and Science of Low Carbohydrate Living,Health,Five,£52.98,f9c87ccb2bc4853b
The Alien Club,Young Adult,One,£54.40,e77594ece9b9d1fe
Suzie Snowflake: One beautiful flake (a self-esteem story),Novels,Five,£54.81,0e095ed785af7e43
Nap-a-Roo,Childrens,One,£25.08,913e7109cec0cb4c
"NaNo What Now? Finding your editing process, revising your NaNoWriMo book and building a writing career through publishing and beyond",Default,Four,£10.41,ee6c67859d70186b
Modern Day Fables,Default,Two,£47.44,6baac632f7711e26
If I Gave You God's Phone Number....: Searching for Spirituality in America,Spirituality,One,£20.91,8fab4c4f6f82a4ce
"Fruits Basket, Vol. 9 (Fruits Basket #9)",Sequential Art,Four,£33.95,97187f5cf0385da3
Dress Your Family in Corduroy and Denim,Humor,Three,£43.68,7e9068872228c474
Don't Forget Steven,Young Adult,One,£33.23,e845d305f64154f1
Chernobyl 01:23:40: The Incredible True Story of the World's Worst Nuclear Disaster,Nonfiction,Two,£35.92,7186241e043de5dc
Art and Fear: Observations on the Perils (and Rewards) of Artmaking,Art,Four,£48.63,d6d9ffea95f2f8bf
A Shard of Ice (The Black Symphony Saga #1),Fantasy,Three,£56.63,63d5f1651880dcea
A Hero's Curse (The Unseen Chronicles #1),Add a comment,Three,£50.49,c181ca8eabe7d18c
23 Degrees South: A Tropical Tale of Changing Whether...,Add a comment,Two,£35.79,61cf7eb9d2cd8bb0
"Zero to One: Notes on Startups, or How to Build the Future",Nonfiction,Three,£34.06,e77033ce559947f7
Why Not Me?,Nonfiction,One,£17.76,04f6c929888f4f11
When Breath Becomes Air,Nonfiction,Two,£39.36,b69c852e7e3956af
Vagabonding: An Uncommon Guide to the Art of Long-Term World Travel,Travel,Two,£36.94,1809259a5a5f1d8d
The Unlikely Pilgrimage of Harold Fry (Harold Fry #1),Default,Five,£43.62,e0bdd79c7304ee8d
The New Drawing on the Right Side of the Brain,Art,Three,£43.02,3eec766dda26fa64
"The Midnight Assassin: Panic, Scandal, and the Hunt for America's First Serial Killer",Nonfiction,Four,£28.45,5a0d2e9284004266
The Martian (The Martian #1),Default,Two,£41.39,9afd00e81d6208e6
The High Mountains of Portugal,Fiction,One,£51.15,4f283dfcbeccc0d4
The Grownup,Short Stories,One,£35.88,1bba4b1ba23ed2d6
The E-Myth Revisited: Why Most Small Businesses Don't Work and What to Do About It,Business,One,£36.91,a2308a936e898d48
South of Sunshine,Young Adult,One,£28.93,331c26103d885cae
Smarter Faster Better: The Secrets of Being Productive in Life and Business,Nonfiction,Five,£38.89,a2475a245c9907c4
Silence in the Dark (Logan Point #4),Suspense,Three,£58.33,e46a164cf310fd7d
Shadows of the Past (Logan Point #1),Christian Fiction,Five,£39.67,bee6e93e9976f4fa
Roller Girl,Sequential Art,Five,£14.10,aeb51dfbe8aeec59
Rising Strong,Nonfiction,Three,£21.82,52fc458ffc756faf
Proofs of God: Classical Arguments from Tertullian to Barth,Philosophy,One,£54.21,d56d0710668bb39c
Please Kill Me: The Uncensored Oral History of Punk,Music,Four,£31.19,4a823d80aa30dbb0
Out of Print: City Lights Spotlight No. 14,Poetry,Five,£53.64,c0fc0cd215ee1724
My Life Next Door (My Life Next Door ),Young Adult,Five,£36.39,9a7291b89bd5445c
Miller's Valley,Fiction,Two,£58.54,bff270fe9c86a5a9
Man's Search for Meaning,Nonfiction,Three,£29.48,4729afff3bea0f0a
"Love That Boy: What Two Presidents, Eight Road Trips, and My Son Taught Me About a Parent's Expectations",Nonfiction,Two,£25.06,4d3a4c7b442a9a4e
Living Forward: A Proven Plan to Stop Drifting and Get the Life You Want,Nonfiction,Three,£12.55,044534b0b28b4e87
Les Fleurs du Mal,Poetry,Five,£29.04,c44c5e1425475206
Left Behind (Left Behind #1),Default,Two,£40.72,29af1a2566c4e36e
Kill 'Em and Leave: Searching for James Brown and the American Soul,Music,Five,£45.05,39eefec3a8498dde
Kierkegaard: A Christian Missionary to Christians,Philosophy,One,£47.13,0cf57cb49272fd37
John Vassos: Industrial Design for Modern Life,Default,Four,£20.22,bd26e8a79a856c31
I'll Give You the Sun,Default,One,£56.48,0ab4b35dcffcffd1
I Will Find You,Nonfiction,One,£44.21,bbf1ea50be8008ab
Hystopia: A Novel,Fiction,Four,£21.96,0bfdef63285d3019
Howl and Other Poems,Poetry,Two,£40.45,b7870fa6dc088fbb
History of Beauty,Art,Four,£10.29,8a150fd8ff5d7686
Heaven is for Real: A Little Boy's Astounding Story of His Trip to Heaven and Back,Default,Two,£52.86,d48c1369927ebef1
Future Shock (Future Shock #1),Young Adult,Five,£55.65,df6a7c43faa6732b
Ender's Game (The Ender Quintet #1),Default,One,£43.64,e049d44c4f1cf1b2
Diary of a Citizen Scientist: Chasing Tiger Beetles and Other New Ways of Engaging the World,Science,One,£28.41,0c11e2d068768dbb
Death by Leisure: A Cautionary Tale,Default,Four,£37.51,4dbd54d9e36c9566
Brilliant Beacons: A History of the American Lighthouse,History,Three,£11.45,7f5157bf53065d36
Brazen: The Courage to Find the You That's Been Hiding,Nonfiction,Two,£19.22,77e9ea355bd8ae57
Between the World and Me,Nonfiction,Four,£56.91,04e3de7ac35ec5cd
Being Mortal: Medicine and What Matters in the End,Nonfiction,Four,£55.06,15ebd83e53d0391b
"A Murder Over a Girl: Justice, Gender, Junior High",Nonfiction,Three,£13.20,fef91502cbacf23a
32 Yolks,Food and Drink,Two,£53.63,b1a227b7609ff263
"""Most Blessed of the Patriarchs"": Thomas Jefferson and the Empire of the Imagination",History,Five,£44.48,f16c2edb2a603f92
You Are a Badass: How to Stop Doubting Your Greatness and Start Living an Awesome Life,Self Help,Three,£12.08,88ec621893e595d0
Wildlife of New York: A Five-Borough Coloring Book,Default,Two,£22.14,b46d022080543144
What Happened on Beale Street (Secrets of the South Mysteries #2),Mystery,Five,£25.37,9735c969c652dd89
Unreasonable Hope: Finding Faith in the God Who Brings Purpose to Your Pain,Spirituality,Two,£46.33,48cb52d78c992487
Under the Tuscan Sun,Travel,Three,£37.33,a94350ee74deaa07
Toddlers Are A**holes: It's Not Your Fault,Humor,One,£25.55,4242cc3d0437db12
The Year of Living Biblically: One Man's Humble Quest to Follow the Bible as Literally as Possible,Default,One,£34.72,4a0b78598b42897a
The Whale,Childrens,Four,£35.96,0ff9d10864db8364
The Story of Art,Art,Four,£41.14,9147c5251cc99eb1
The Origin of Species,Science,Four,£10.01,0345872b14f9e774
The Great Gatsby,Default,Four,£36.05,a8dbf1c6b41b885a
The Good Girl,Default,Three,£49.03,f935412970c9f58f
The Glass Castle,Add a comment,One,£16.24,47f4fd3e8e1dac05
The Faith of Christopher Hitchens: The Restless Soul of the World's Most Notorious Atheist,Biography,One,£39.55,57f85720e54d6442
The Drowning Girls,Add a comment,Three,£35.67,7a10353c9c54cf7c
The Constant Princess (The Tudor Court #1),Historical Fiction,Three,£16.62,24933c712f0bca2f
The Bourne Identity (Jason Bourne #1),Fiction,Four,£42.78,d250657f0ebc5d73
The Bachelor Girl's Guide to Murder (Herringford and Watts Mysteries #1),Mystery,Five,£52.30,20789fb17b423c4c
The Art Book,Art,Two,£32.34,4b8fa561a1e52d1c
The 7 Habits of Highly Effective People: Powerful Lessons in Personal Change,Default,Four,£33.17,5fbd03b1ac0a0e69
Team of Rivals: The Political Genius of Abraham Lincoln,Add a comment,Five,£20.12,ba047a636b7d3793
Steal Like an Artist: 10 Things Nobody Told You About Being Creative,Default,Two,£20.90,8776181be110838a
"Sit, Stay, Love",Romance,Three,£20.90,bd087cf6a846db75
Sister Dear,Fiction,Four,£40.20,7ffebdd1d5148aef
"Shrunken Treasures: Literary Classics, Short, Sweet, and Silly",Childrens,Three,£52.87,9639e89d20228e6e
"Rich Dad, Poor Dad",Business,One,£51.74,8486f61aa81a3daa
Raymie Nightingale,Childrens,Two,£34.41,31c56c4d0fe19340
Playing from the Heart,Childrens,One,£32.38,68008abf6409dfde
Nightstruck: A Novel,Young Adult,Four,£50.35,746029796363aa51
"Naturally Lean: 125 Nourishing Gluten-Free, Plant-Based Recipes--All Under 300 Calories",Food and Drink,Five,£11.38,924438fc6cbec836
Meternity,Womens Fiction,Three,£43.58,725cd8d23d78cdca
Memoirs of a Geisha,Fiction,Three,£49.67,dac4b5847454fd9b
Like Never Before (Walker Family #2),Christian Fiction,Two,£28.77,b6670507e85b30e6
Life of Pi,Default,Four,£13.22,40cdcbb7692fd408
Leave This Song Behind: Teen Poetry at Its Best,Poetry,Five,£51.17,b74ee891e2a6dd69
King's Folly (The Kinsman Chronicles #1),Fantasy,Five,£39.61,4c82371b8cd02d4d
John Adams,Add a comment,Four,£57.43,68407606544d6f22
How to Cook Everything Vegetarian: Simple Meatless Recipes for Great Food (How to Cook Everything),Food and Drink,Four,£46.01,2a9fcb3382d351c8
How to Be a Domestic Goddess: Baking and the Art of Comfort Cooking,Food and Drink,Two,£28.25,eff5710404e2ff78
Good in Bed (Cannie Shapiro #1),Add a comment,Five,£37.05,c00bc29a678a6efb
"Fruits Basket, Vol. 7 (Fruits Basket #7)",Sequential Art,One,£19.57,de6d7645f192d517
For the Love: Fighting for Grace in a World of Impossible Standards,Nonfiction,Three,£45.13,2e40333991f56f45
Finding God in the Ruins: How God Redeems Pain,Nonfiction,Two,£46.64,4e78f06160b717ac
Every Heart a Doorway (Every Heart A Doorway #1),Fantasy,Five,£12.16,4fa75fc6829431ca
Delivering the Truth (Quaker Midwife Mystery #1),Mystery,Four,£20.89,4e980425468708da
Counted With the Stars (Out from Egypt #1),Christian Fiction,Five,£17.97,4807043b8218e9ce
"Chronicles, Vol. 1",Music,Two,£52.60,4781b6bfd6f7a2c5
Blue Like Jazz: Nonreligious Thoughts on Christian Spirituality,Christian,One,£25.77,a322361a37a78d3d
Benjamin Franklin: An American Life,Biography,Three,£48.19,5b546a46a86a9d8c
"At The Existentialist Café: Freedom, Being, and apricot cocktails with: Jean-Paul Sartre, Simone de Beauvoir, Albert Camus, Martin Heidegger, Edmund Husserl, Karl Jaspers, Maurice Merleau-Ponty and others",Philosophy,Five,£29.93,6b52904b2ab91bf6
A Summer In Europe,Travel,Two,£44.34,cc1936a9f4e93477
A Short History of Nearly Everything,History,Five,£52.40,6c7fa6844380f50a
A Gathering of Shadows (Shades of Magic #2),Fantasy,Four,£44.81,d1378a0ad06ff979
The Sound Of Love,Default,Five,£57.84,5ba3d703d1ae0c1d
The Rise and Fall of the Third Reich: A History of Nazi Germany,History,Two,£39.67,774fa432bd7d9c47
The Perks of Being a Wallflower,Default,Three,£55.02,fd364afd082f5446
The Mysterious Affair at Styles (Hercule Poirot #1),Mystery,Four,£24.80,2da5edf8b5776c9a
The Man Who Mistook His Wife for a Hat and Other Clinical Tales,Nonfiction,Four,£59.45,60376aa71be66083
The Makings of a Fatherless Child,Default,Two,£31.58,2efa5a839e62b1bd
The Joy of Cooking,Add a comment,Four,£43.27,d326e189b1210916
The Invention of Wings,Historical Fiction,One,£37.34,e6635f5b0a2c78db
The Hobbit (Middle-Earth Universe),Default,Five,£17.80,72b5355dda190b6a
The Great Railway Bazaar,Travel,One,£30.54,48736df57e7bec9f
The Golden Compass (His Dark Materials #1),Add a comment,One,£18.77,d33824cb93ecab6f
The God Delusion,Add a comment,Three,£46.85,2bc80eba94950873
The Girl You Left Behind (The Girl You Left Behind #1),Historical,One,£15.79,eb7459e0c570251d
The Fellowship of the Ring (The Lord of the Rings #1),Default,Two,£10.27,cb17945cb90b7837
The Collected Poems of W.B. Yeats (The Collected Works of W.B. Yeats #1),Poetry,Five,£15.42,3d250ab0f12be445
The Barefoot Contessa Cookbook,Food and Drink,Five,£59.92,6478ccb4416e6a5d
Tell the Wolves I'm Home,Young Adult,Two,£50.96,2a1b3d967cda1da2
Ship Leaves Harbor: Essays on Travel by a Recovering Journeyman,Default,Three,£30.60,8d8e9f9b8730eb25
Pride and Prejudice,Add a comment,Four,£19.27,720c36b2bee4692e
Musicophilia: Tales of Music and the Brain,Default,One,£46.58,6d235933670503d9
Mere Christianity,Add a comment,Three,£48.51,f38f37ed934d84b2
Me Before You (Me Before You #1),Fiction,One,£19.02,7a2b51f69e81c722
In the Woods (Dublin Murder Squad #1),Mystery,Two,£38.38,6958de044cb28a84
In Cold Blood,Nonfiction,Four,£49.98,fe0f34ebed689381
How to Stop Worrying and Start Living,Self Help,Five,£46.49,e792c0969cefe1b8
Give It Back,Thriller,Two,£18.32,012170e4fc87ace0
"Girl, Interrupted",Nonfiction,Three,£42.14,384c7d41d5ffe9d1
Fun Home: A Family Tragicomic,Add a comment,Four,£56.59,56a34d0cec11d6b0
"Fruits Basket, Vol. 6 (Fruits Basket #6)",Sequential Art,Four,£20.96,97258f576d4bb672
Deception Point,Fiction,Four,£40.32,4e3b183180e2a992
"Death Note, Vol. 6: Give-and-Take (Death Note #6)",Sequential Art,Three,£36.39,6e06d0f00f6da20f
Catherine the Great: Portrait of a Woman,History,Four,£58.55,f3c70d296ec796c4
Better Homes and Gardens New Cook Book,Food and Drink,Three,£39.61,faf841f81c52638b
An Unquiet Mind: A Memoir of Moods and Madness,Psychology,Three,£21.30,46cb43c2ab133ccc
A Year in Provence (Provence #1),Travel,Four,£56.88,9e60929f521fa280
World Without End (The Pillars of the Earth #2),Historical Fiction,Four,£32.97,2e5b4ff08a75fd02
"Will Grayson, Will Grayson (Will Grayson, Will Grayson)",Young Adult,Four,£47.31,e75f3ae1da1cc652
Why Save the Bankers?: And Other Essays on Our Economic and Political Crisis,Nonfiction,Two,£48.67,759ee7d059b1beb8
Where She Went (If I Stay #2),Young Adult,Four,£41.73,60369d96b7b80869
What If?: Serious Scientific Answers to Absurd Hypothetical Questions,Default,Four,£53.68,163d89116179c33f
Two Summers,Young Adult,One,£14.64,3a7d54a264d9f33e
This Is Your Brain on Music: The Science of a Human Obsession,Music,One,£38.40,bc209a900101f28d
The Secret Garden,Classics,Four,£15.08,abbb492978ff656d
The Raven King (The Raven Cycle #4),Add a comment,Two,£30.57,2e4fc5eacceec12c
The Raven Boys (The Raven Cycle #1),Fantasy,Four,£57.74,e0b3a679b83caccc
The Power Greens Cookbook: 140 Delicious Superfood Recipes,Food and Drink,Five,£11.05,f701fae56b645ef7
The Metamorphosis,Classics,One,£28.58,93379e3a2072a01b
The Mathews Men: Seven Brothers and the War Against Hitler's U-boats,History,Five,£42.91,0d210d2448c3018f
The Little Paris Bookshop,Fiction,Three,£24.73,dfd9ff1f343cdaff
The Hiding Place,History,Four,£55.91,c4589ee5977a47be
The Grand Design,Science,Three,£13.76,3213b1f13f5f0f7c
The Firm,Fiction,Three,£45.56,ad84f18659e6bfe2
The Fault in Our Stars,Default,One,£47.22,3661360c99719414
The False Prince (The Ascendance Trilogy #1),Fantasy,Five,£56.00,a2a9f76339d21ab1
The Expatriates,Fiction,Two,£44.58,fe7210553d56c097
The Dream Thieves (The Raven Cycle #2),Default,One,£34.50,fec06f52054ea900
The Darkest Corners,Young Adult,Five,£11.33,c4182bdb53e2459a
The Crossover,Poetry,Four,£38.77,b228042c088b1913
The 5th Wave (The 5th Wave #1),Default,Two,£11.83,b716233fcb6877e6
Tell the Wind and Fire,Fantasy,Three,£45.51,84126312e2431a09
Tell Me Three Things,Young Adult,One,£41.81,50d5a7b861ed1c54
Talking to Girls About Duran Duran: One Young Man's Quest for True Love and a Cooler Haircut,Nonfiction,Four,£25.15,1dba84766a5e87b8
Siddhartha,Fiction,Five,£34.22,84bb29c53592ac40
Shiver (The Wolves of Mercy Falls #1),Default,Five,£16.23,59a8ae019b64f2a7
Remember Me?,Default,Three,£11.48,2973d38c2fbd7a5c
Red Dragon (Hannibal Lecter #1),Horror,Three,£23.37,e958ae92f328c181
Peak: Secrets from the New Science of Expertise,Science,Two,£16.28,6036239d2ab349b7
My Mother Was Nuts,Nonfiction,Four,£31.63,a4ce39a3720cd679
Mexican Today: New and Rediscovered Recipes for Contemporary Kitchens,Food and Drink,Five,£24.91,12a90b90283b2e6d
Maybe Something Beautiful: How Art Transformed a Neighborhood,Childrens,One,£22.54,81c68492ccd72941
Lola and the Boy Next Door (Anna and the French Kiss #2),Young Adult,Four,£23.63,5e1a88d248599768
Logan Kade (Fallen Crest High #5.5),Academic,Two,£13.12,7093cf549cd2e7de
Last One Home (New Beginnings #1),Fiction,Three,£59.98,07e6810fd3236bda
Killing Floor (Jack Reacher #1),Thriller,Four,£31.49,8dde2ff3f6fcc0a3
Kill the Boy Band,Young Adult,Five,£15.52,44f545727e704187
Isla and the Happily Ever After (Anna and the French Kiss #3),Young Adult,Five,£48.13,45045146dbf7b009
If I Stay (If I Stay #1),Default,Five,£38.13,7284d85428305f5a
I Know Why the Caged Bird Sings (Maya Angelou's Autobiography #1),Default,Two,£36.55,d219d4e325e6f204
Harry Potter and the Deathly Hallows (Harry Potter #7),Default,One,£23.32,6c49258724f11770
"Fruits Basket, Vol. 5 (Fruits Basket #5)",Sequential Art,One,£16.33,3fd83dcf37bf1bc0
Foundation (Foundation (Publication Order) #1),Science Fiction,One,£32.42,3fc124f59f3068e4
Fool Me Once,Default,One,£16.96,630e766f0a1987dd
Find Her (Detective D.D. Warren #8),Add a comment,One,£22.37,b28c7d07afa7063b
Evicted: Poverty and Profit in the American City,Add a comment,One,£42.27,75cc85cdbe9ad46b
Drama,Default,Two,£38.70,d5ad4c92d8bf26c9
Dracula the Un-Dead,Horror,Five,£35.63,e46b1074b99ac4b6
Digital Fortress,Fiction,Five,£58.00,94bb629a3f6dd00b
"Death Note, Vol. 5: Whiteout (Death Note #5)",Sequential Art,One,£52.41,1c0a38899c82b60a
"Data, A Love Story: How I Gamed Online Dating to Meet My Match",Nonfiction,Three,£32.35,bcf567421c581f0a
Critique of Pure Reason,Philosophy,One,£20.75,429b4a811bef386c
Booked,Poetry,Five,£17.49,b54d7416bb445989
"Blue Lily, Lily Blue (The Raven Cycle #3)",Default,Five,£34.13,ad5e078beceaeb4a
Approval Junkie: Adventures in Caring Too Much,Autobiography,Five,£58.81,612369a5947a012e
An Abundance of Katherines,Young Adult,Five,£10.00,f36d24c309e87e5b
America's War for the Greater Middle East: A Military History,History,Two,£51.22,add33db6ff80db24
Alight (The Generations Trilogy #2),Default,Four,£58.59,d9290e99f189ce84
A Girl's Guide to Moving On (New Beginnings #2),Romance,One,£31.30,cf3b86489890b9f2
A Game of Thrones (A Song of Ice and Fire #1),Add a comment,Two,£46.42,03cbb67c0f990d87
A Feast for Crows (A Song of Ice and Fire #4),Fantasy,Four,£17.21,f2c8f4b4c94d5c5c
A Clash of Kings (A Song of Ice and Fire #2),Add a comment,Three,£10.79,89a89e76f3516357
Vogue Colors A to Z: A Fashion Coloring Book,Default,Four,£52.35,a8f4577a48023344
The Shining (The Shining #1),Default,Three,£27.88,d4de23aa98acc65b
The Pilgrim's Progress,Classics,Two,£50.26,6053ddf69c967d5f
The Perfect Play (Play by Play #1),Romance,Three,£59.99,9cc207168a03470d
The Passion of Dolssa,Historical Fiction,Five,£28.32,011674f4a3834b8d
The Jazz of Physics: The Secret Link Between Music and the Structure of the Universe,Nonfiction,Three,£38.71,6a57286a8890d8c5
The Hunger Games (The Hunger Games #1),Default,Five,£29.85,6d2f70d9424f41a1
The Hound of the Baskervilles (Sherlock Holmes #5),Classics,Two,£14.82,6587f46697fc4443
The Gunning of America: Business and the Making of American Gun Culture,Nonfiction,Four,£16.81,45033bdf3d9ed158
The Geography of Bliss: One Grump's Search for the Happiest Places in the World,Nonfiction,Two,£28.23,c65ee14957c0fa5c
The Demonists (Demonist #1),Fantasy,Two,£52.11,ff2dffba388d9922
"The Demon Prince of Momochi House, Vol. 4 (The Demon Prince of Momochi House #4)",Sequential Art,Two,£27.88,df53c2948b32bde3
The Bone Hunters (Lexy Vaughan & Steven Macaulay #2),Thriller,Three,£59.71,9c4d061c1e2fe6bf
The Beast (Black Dagger Brotherhood #14),Fantasy,Five,£46.08,8930013d06942df1
Some Women,Womens Fiction,Five,£13.73,31f5bbf4974d29c9
Shopaholic Ties the Knot (Shopaholic #3),Womens Fiction,Five,£48.39,38199c5d7da0c0ef
Paper and Fire (The Great Library #2),Fantasy,Five,£49.45,ae884ac655d6ee3e
Outlander (Outlander #1),Default,Five,£19.67,5de4baa88061a77a
"Orchestra of Exiles: The Story of Bronislaw Huberman, the Israel Philharmonic, and the One Thousand Jews He Saved from Nazi Horrors",Music,Three,£12.36,2ba5ccc84d35006c
No One Here Gets Out Alive,Music,Five,£20.02,3a95f5a2df4ff921
Night Shift (Night Shift #1-20),Horror,Four,£12.75,869d20b3b8128230
Needful Things,Horror,Four,£47.51,70b585c9d0f15725
Mockingjay (The Hunger Games #3),Default,Four,£20.44,5212c6acea3359e5
Misery,Horror,Two,£34.79,81d4191030b9704b
Little Women (Little Women #1),Classics,Four,£28.07,deda806b68b0aa11
It,Horror,Three,£25.01,670a2773607d785d
Harry Potter and the Sorcerer's Stone (Harry Potter #1),Default,Three,£13.90,ac337893a9fe0085
Harry Potter and the Prisoner of Azkaban (Harry Potter #3),Young Adult,Four,£24.17,eff24325e0ede639
Harry Potter and the Order of the Phoenix (Harry Potter #5),Fantasy,Four,£31.63,5a6b7155f2797537
Harry Potter and the Half-Blood Prince (Harry Potter #6),Fantasy,Five,£48.75,73f4f87dd936ee5c
Harry Potter and the Chamber of Secrets (Harry Potter #2),Fantasy,One,£14.74,c7c4f55b7321cba7
Gone with the Wind,Classics,Three,£32.49,23310ce84d3c9f85
God Is Not Great: How Religion Poisons Everything,Nonfiction,One,£27.80,ddbc5530d2939d49
Girl With a Pearl Earring,Historical Fiction,One,£26.77,5eff05e59f905a49
"Fruits Basket, Vol. 4 (Fruits Basket #4)",Sequential Art,Four,£50.44,8fff1084aa085a13
Far From True (Promise Falls Trilogy #2),Thriller,Two,£34.93,ad15a9a139919918
Dark Lover (Black Dagger Brotherhood #1),Romance,One,£12.87,2b69d289279aabfd
Confessions of a Shopaholic (Shopaholic #1),Default,Two,£48.94,a2dc754afb69bb32
Changing the Game (Play by Play #2),Romance,Three,£13.38,aaebac5fda798b1b
Candide,Classics,Three,£58.63,2798974abc8a58a8
Can You Keep a Secret?,Womens Fiction,One,£21.94,0812f54c93d726ce
Atlas Shrugged,Fiction,Five,£26.58,78a4ac98191ac675
Animal Farm,Classics,Three,£57.22,1451b55e5e56bb89
A Walk to Remember,Romance,One,£56.43,aead11697d14ea36
A New Earth: Awakening to Your Life's Purpose,Spirituality,Five,£55.65,f6ae39568db1130e
"A History of God: The 4,000-Year Quest of Judaism, Christianity, and Islam",Religion,One,£27.62,d12ca4020c2f602e
'Salem's Lot,Horror,Four,£49.56,6e9403f00acd6752
Zero History (Blue Ant #3),Default,One,£34.77,634b7165c96ebb9f
Wuthering Heights,Classics,Three,£17.73,5a7ff9aaa3168878
World War Z: An Oral History of the Zombie War,Default,One,£21.80,5d55202da0252627
Wild: From Lost to Found on the Pacific Crest Trail,Default,Three,£46.02,d30b9215c72cca87
"Where'd You Go, Bernadette",Default,One,£18.13,07bb35158d9dd3d2
When You Are Engulfed in Flames,Humor,Five,£30.89,dab0196cd5fc8e5e
We the People: The Modern-Day Figures Who Have Reshaped and Affirmed the Founding Fathers' Vision of America,Nonfiction,Three,£31.95,06bab964fd536971
We Are All Completely Beside Ourselves,Contemporary,One,£24.04,be3db344a845580b
Walk the Edge (Thunder Road #2),Young Adult,Three,£32.36,0e4e2d31c2fb3aad
Voyager (Outlander #3),Historical Fiction,Five,£21.07,7feac4000cbc5859
Very Good Lives: The Fringe Benefits of Failure and the Importance of Imagination,Nonfiction,Three,£50.66,52aa3d79b1cee455
Vegan Vegetarian Omnivore: Dinner for Everyone at the Table,Food and Drink,Two,£13.66,4672d10b9b1e7a05
"Unstuffed: Decluttering Your Home, Mind, and Soul",Nonfiction,One,£58.09,b830685072fa871f
Under the Banner of Heaven: A Story of Violent Faith,Nonfiction,One,£30.00,599a4f98bb193368
Two Boys Kissing,Young Adult,Two,£32.74,61bc8167c9680283
Twilight (Twilight #1),Default,Two,£41.93,b53078de0147f6bf
Twenties Girl,Womens Fiction,Two,£42.80,8ebad30219b8679c
"Trespassing Across America: One Man's Epic, Never-Done-Before (and Sort of Illegal) Hike Across the Heartland",Nonfiction,One,£53.51,2173a2ce35f6ace1
Three-Martini Lunch,Fiction,Three,£23.21,57f755143ee96fd4
"Thinking, Fast and Slow",Psychology,One,£21.14,719d72f3ee512dc6
The Wild Robot,Childrens,Three,£56.07,75fed6a47f69859d
"The Wicked + The Divine, Vol. 3: Commercial Suicide (The Wicked + The Divine)",Sequential Art,Three,£14.41,a33ed2e6068df53e
The Undomestic Goddess,Womens Fiction,Four,£45.75,813cff2aefa5d1f0
The Travelers,Thriller,One,£15.77,2b685187f55c5d31
The Tipping Point: How Little Things Can Make a Big Difference,Add a comment,Two,£10.02,224fa77d4b248046
The Thing About Jellyfish,Childrens,One,£48.77,3d15714d4d3d15dd
The Stand,Horror,Two,£57.86,49f24193f0b961e6
The Smitten Kitchen Cookbook,Food and Drink,One,£23.59,742702d662a71410
The Silkworm (Cormoran Strike #2),Mystery,Five,£23.05,f06039c29b5891fa
"The Sandman, Vol. 3: Dream Country (The Sandman (volumes) #3)",Sequential Art,Five,£55.55,91eb9605998a7c03
The Rose & the Dagger (The Wrath and the Dawn #2),Fantasy,Four,£58.64,322a9e34d87f54b1
The Road to Little Dribbling: Adventures of an American in Britain (Notes From a Small Island #2),Travel,One,£23.21,366a236aa1ea6f07
The Rise of Theodore Roosevelt (Theodore Roosevelt #1),Biography,Three,£42.57,1a5044d233936b1a
The Restaurant at the End of the Universe (Hitchhiker's Guide to the Galaxy #2),Science Fiction,One,£10.92,0e92ccf1bd39e68f
The Rest Is Noise: Listening to the Twentieth Century,Add a comment,One,£34.77,e2d47e82c50d41d9
The Red Tent,Historical Fiction,Five,£35.66,3c456328b04a8ee8
The Purpose Driven Life: What on Earth Am I Here for?,Add a comment,Three,£37.19,0e7beedf0ee9380c
The Purest Hook (Second Circle Tattoos #3),Romance,One,£12.25,969f6c7e86554814
The Picture of Dorian Gray,Classics,Two,£29.70,b9f6305a3d650e2c
The Paris Wife,Default,Three,£36.80,fa26798728f5208f
The Obsession,Romance,One,£45.43,ee441c8e027caa66
The Nightingale,Fiction,Four,£26.26,29d6d87f3418638b
The New Guy (and Other Senior Year Distractions),Young Adult,Three,£44.92,3e42ac0f4d43320f
The Nanny Diaries (Nanny #1),Womens Fiction,Five,£52.53,6263c1d2997b8ce0
The Name of God is Mercy,Nonfiction,Two,£37.25,0baf71623648413a
The Maze Runner (The Maze Runner #1),Default,One,£20.93,4266f48a0aa1c37d
The Lover's Dictionary,Default,Two,£58.09,36c15687f5ab0f7c
The Lonely Ones,Childrens,Five,£43.59,cf2f27fdf94ba20e
The Lean Startup: How Today's Entrepreneurs Use Continuous Innovation to Create Radically Successful Businesses,Business,Three,£33.92,70c7c3ca7f9b2728
The Last Painting of Sara de Vos,Historical Fiction,Two,£55.55,476c7972e9b41891
"The Land of 10,000 Madonnas",Young Adult,Four,£29.64,35e69a79d2b1e804
The Infinities,Fiction,One,£27.41,554e9e2d532b3a87
The Husband's Secret,Fiction,Five,£52.51,ff6bb30dd0c482a6
The Hitchhiker's Guide to the Galaxy (Hitchhiker's Guide to the Galaxy #1),Add a comment,Three,£47.80,a8b0ea6490bc818f
The Guns of August,History,Two,£14.54,b5da59dd177eb36b
The Guernsey Literary and Potato Peel Pie Society,Historical Fiction,One,£49.53,4a0a276409968a73
The Goldfinch,Default,Three,£43.58,c88422d8959260ab
The Giver (The Giver Quartet #1),Default,One,£12.30,e2dac1f4739e0bd5
The Girl with All the Gifts,Horror,Three,£49.47,92dcc54a27107a37
The Girl Who Played with Fire (Millennium Trilogy #2),Default,Two,£22.14,bfa9cb304075d3e8
The Girl Who Kicked the Hornet's Nest (Millennium Trilogy #3),Add a comment,One,£57.48,8f5d16a5a9bd58b2
The Exiled,Mystery,Three,£43.45,dd003e904727281a
"The End of Faith: Religion, Terror, and the Future of Reason",Add a comment,Four,£22.13,b3f2bc2cefb35f05
"The Elegant Universe: Superstrings, Hidden Dimensions, and the Quest for the Ultimate Theory",Science,Four,£13.03,c6bf14cb901c63ac
"The Disappearing Spoon: And Other True Tales of Madness, Love, and the History of the World from the Periodic Table of the Elements",Science,Five,£57.35,63c0826ef59eae66
The Devil Wears Prada (The Devil Wears Prada #1),Womens Fiction,One,£44.29,a6ab0cb7106a67f2
The Demon-Haunted World: Science as a Candle in the Dark,Default,Four,£52.25,f51062bf579507d9
The Day the Crayons Came Home (Crayons),Childrens,Five,£26.33,b22362b434e8ee62
The Da Vinci Code (Robert Langdon #2),Fiction,Two,£22.96,dabf11918b48b40c
The Cuckoo's Calling (Cormoran Strike #1),Mystery,One,£19.21,1be6d3b121865edb
The Complete Stories and Poems (The Works of Edgar Allan Poe [Cameo Edition]),Classics,Four,£26.78,cad70d6ffd53912f
The Complete Poems,Add a comment,Five,£41.32,23707d3ddf14a999
The Catcher in the Rye,Add a comment,One,£24.55,487449f4f6322f0f
The Cat in the Hat (Beginner Books B-1),Childrens,Two,£16.26,b7f475238ed50429
The Case for Christ (Cases for Christianity),Add a comment,One,£47.84,970bd3316219e7dc
The Book Thief,Default,Two,£53.49,a75e274c8814b539
The Book of Basketball: The NBA According to The Sports Guy,Sports and Games,Five,£44.84,08decd9664e5d56e
The Blind Side: Evolution of a Game,Add a comment,Five,£53.71,cd3dcd83bb002e78
The Autobiography of Malcolm X,Default,Two,£23.43,b04a6a0db525857d
"The Art of Simple Food: Notes, Lessons, and Recipes from a Delicious Revolution",Food and Drink,Three,£34.32,311634df10651e05
The Art of Fielding,Fiction,One,£22.10,2858ac90c4758e1f
"Surely You're Joking, Mr. Feynman!: Adventures of a Curious Character",Science,Two,£25.83,61002f3b7ba5d780
Stiff: The Curious Lives of Human Cadavers,Nonfiction,Three,£36.74,a11ae5f07572ef49
Spilled Milk: Based on a True Story,Nonfiction,One,£49.51,f08667e4c0458f37
Something Borrowed (Darcy & Rachel #1),Womens Fiction,Five,£48.96,ac27ab4bcd9c492e
Something Blue (Darcy & Rachel #2),Womens Fiction,One,£54.62,3fc9d51d1c4d6ba7
Soldier (Talon #3),Fantasy,Two,£24.72,feaaae90514eb2ac
Shopaholic & Baby (Shopaholic #5),Default,Two,£46.45,c57d3c96af23c297
Seven Days in the Art World,Add a comment,Two,£52.33,07806456878931bc
Seven Brief Lessons on Physics,Science,Four,£30.60,281a244ce1954711
Scarlet (The Lunar Chronicles #2),Young Adult,Four,£14.57,510832818edb6fbc
Sarah's Key,Add a comment,One,£46.29,5b2cd5b31a510848
"Saga, Volume 3 (Saga (Collected Editions) #3)",Sequential Art,Five,£21.57,7b870bf85d01c2dc
Running with Scissors,Autobiography,Four,£12.91,28921443f052bea6
Rogue Lawyer (Rogue Lawyer #1),Add a comment,Three,£50.11,b4f5672f68ec3a83
"Rise of the Rocket Girls: The Women Who Propelled Us, from Missiles to the Moon to Mars",Nonfiction,Four,£41.67,89cad3f37c9ce226
Rework,Business,Two,£44.88,8e9dd8431170c09e
Reservations for Two,Romance,Three,£11.10,ecdf73ee66c33b17
Red: The True Story of Red Riding Hood,Childrens,Three,£28.54,4c8ece50736f9e88
Ready Player One,Science Fiction,Four,£19.07,2ef5dc7e278e562a
Quiet: The Power of Introverts in a World That Can't Stop Talking,Default,One,£43.55,3c565df219ba3274
Prodigy: The Graphic Novel (Legend: The Graphic Novel #2),Sequential Art,Three,£43.63,9707989a439757b4
Persepolis: The Story of a Childhood (Persepolis #1-2),Sequential Art,One,£39.13,cb62418129b864a3
Packing for Mars: The Curious Science of Life in the Void,Default,Two,£56.68,8e2dfd6bcf48e1e6
Outliers: The Story of Success,Nonfiction,One,£14.16,09a7b0b566ad6225
Original Fake,Sequential Art,Three,£31.45,c59283b05905c853
Orange Is the New Black,Default,Two,£24.61,8378c899988905ee
One for the Money (Stephanie Plum #1),Default,Two,£32.87,3250650a5c4e6f07
Notes from a Small Island (Notes From a Small Island #1),Nonfiction,One,£40.17,cb65e49993db9a93
Night (The Night Trilogy #1),Nonfiction,One,£13.51,c4d9fce9eff3b8ba
Neither Here nor There: Travels in Europe,Travel,Three,£38.95,747cf7fca2ccdbd4
Naked,Humor,Three,£31.69,54aeeb4610d3ae08
Morning Star (Red Rising #3),Default,One,£29.40,7ce5a92baabb6bc0
"Miracles from Heaven: A Little Girl, Her Journey to Heaven, and Her Amazing Story of Healing",Nonfiction,One,£57.83,7980fa06f2b704d8
Midnight Riot (Peter Grant/ Rivers of London - books #1),Fantasy,Two,£55.46,e9056f9b5a40a301
Me Talk Pretty One Day,Autobiography,Two,£57.60,abc4a7ee16c21088
Manuscript Found in Accra,Add a comment,Two,£34.98,546da23278482b0a
Lust & Wonder,Autobiography,Two,£11.87,0dcadb06206abd3c
Lila (Gilead #3),Fiction,Three,£12.47,4ef75307fb64e2ad
"Life, the Universe and Everything (Hitchhiker's Guide to the Galaxy #3)",Science Fiction,Two,£33.26,4b3f4f151c99f472
Life Without a Recipe,Autobiography,Five,£59.04,c53d9fefcda371e9
Life After Life,Default,Two,£26.13,4ec53ff7e2263f32
Letter to a Christian Nation,Nonfiction,One,£22.20,1de75f05d57bfc10
Let's Pretend This Never Happened: A Mostly True Memoir,Nonfiction,One,£45.11,1246e4ffeb5ac4ea
Legend (Legend #1),Young Adult,Four,£43.69,0ce8075fab4a2b5b
"Lean In: Women, Work, and the Will to Lead",Default,One,£25.02,d5e1a9bfe22bbf9f
"Lamb: The Gospel According to Biff, Christ's Childhood Pal",Humor,Five,£55.50,190fbebbf798c31a
Lady Renegades (Rebel Belle #3),Young Adult,Five,£53.04,16e843e6b853cc2f
Jurassic Park (Jurassic Park #1),Fiction,One,£44.97,a0dd11f6abc421ec
It's Never Too Late to Begin Again: Discovering Creativity and Meaning at Midlife and Beyond,Nonfiction,One,£42.38,d4a29356fc992879
Is Everyone Hanging Out Without Me? (And Other Concerns),Default,Three,£20.11,034829ffdd0a0aea
Into the Wild,Nonfiction,Five,£56.70,a7c3f1010d64799a
Inferno (Robert Langdon #4),Fiction,Five,£41.00,6c4646d90b60a56c
"In the Garden of Beasts: Love, Terror, and an American Family in Hitler's Berlin",Nonfiction,Three,£28.85,d8292cd5f1aca291
If I Run (If I Run #1),Christian Fiction,Four,£49.97,61569d12d4ae7161
I've Got Your Number,Womens Fiction,One,£19.69,6b32b561dab8036c
I Am Malala: The Girl Who Stood Up for Education and Was Shot by the Taliban,Nonfiction,Two,£28.88,8010c7c148057fd3
Hungry Girl Clean & Hungry: Easy All-Natural Recipes for Healthy Eating in the Real World,Food and Drink,Three,£33.14,6c4d17a46cac8787
"House of Lost Worlds: Dinosaurs, Dynasties, and the Story of Life on Earth",History,Two,£43.70,1812b8f5641287e3
House of Leaves,Horror,One,£54.89,557c03c284be1bf2
Horrible Bear!,Childrens,Two,£37.52,cc1ac978a6835ef6
Holidays on Ice,Humor,Two,£51.07,0cb4856be3694a57
Heir to the Sky,Fantasy,Four,£44.07,b003f8bb02f76dc5
Green Eggs and Ham (Beginner Books B-16),Childrens,Four,£10.79,621e2c310cec8d32
"Grayson, Vol 3: Nemesis (Grayson #3)",Sequential Art,One,£42.72,4f6985aca357ae09
Gratitude,Nonfiction,Five,£26.66,c300cc9326592b65
Gone Girl,Default,Five,£37.60,d5c588b6f9c015e4
Golden (Heart of Dread #3),Young Adult,Four,£42.21,984b3b6e7479b571
Girl in the Blue Coat,Historical Fiction,Two,£46.83,41fc5dce044f16f5
"Fruits Basket, Vol. 3 (Fruits Basket #3)",Sequential Art,Two,£45.17,d5f5a122a593b580
"Friday Night Lights: A Town, a Team, and a Dream",Sports and Games,Three,£51.22,a9aa3ed5b316470b
Fire Bound (Sea Haven/Sisters of the Heart #5),Add a comment,Four,£21.28,2ed3a794a70aa85f
Fifty Shades Freed (Fifty Shades #3),Adult Fiction,Five,£15.36,ed813a848580ba50
Fellside,Default,One,£38.62,147019cae600694e
Extreme Prey (Lucas Davenport #26),Mystery,Three,£25.40,588ba85ff11a3263
Eragon (The Inheritance Cycle #1),Fantasy,Three,£43.87,b843f52a986a2914
Eclipse (Twilight #3),Default,One,£18.74,73f71f9556442117
Dune (Dune #1),Science Fiction,One,£54.86,36d5884d44484277
Dracula,Default,Three,£52.62,a7ec599c1a547746
Do Androids Dream of Electric Sheep? (Blade Runner #1),Science Fiction,One,£51.48,98330e431e56a9ea
Disrupted: My Misadventure in the Start-Up Bubble,Nonfiction,Five,£15.28,81372abc86f65c79
Dead Wake: The Last Crossing of the Lusitania,Default,Five,£39.24,04d858cdeeee0da4
"David and Goliath: Underdogs, Misfits, and the Art of Battling Giants",Default,One,£17.81,d234ddecef49ef4e
Darkfever (Fever #1),Fantasy,One,£56.02,468bd274ac084bb9
Dark Places,Default,Five,£23.90,66937c669c4da072
Crazy Rich Asians (Crazy Rich Asians #1),Fiction,Five,£49.13,c9782ad2a0ed9331
Counting Thyme,Childrens,One,£10.62,157f693d9e600ccc
Cosmos,Add a comment,Two,£36.17,dbe33cf29ef1623d
Civilization and Its Discontents,Psychology,Two,£59.95,396385e3de5d18c3
Cinder (The Lunar Chronicles #1),Young Adult,One,£26.09,7e9579921e5407cb
Catastrophic Happiness: Finding Joy in Childhood's Messy Years,Parenting,Two,£37.35,ef49db2aaa9bb547
Career of Evil (Cormoran Strike #3),Mystery,Two,£24.72,b461cf238506c5b8
Breaking Dawn (Twilight #4),Default,Five,£35.28,bbfc4a3b7b6c94a0
Brave Enough,Nonfiction,Five,£51.32,fd2337c1b73b686e
Boy Meets Boy,Young Adult,Three,£21.12,8e0bc2fe4e7d35b5
"Born to Run: A Hidden Tribe, Superathletes, and the Greatest Race the World Has Never Seen",Nonfiction,Two,£27.35,e256de8aa0c2115f
Blink: The Power of Thinking Without Thinking,Nonfiction,Five,£21.74,0bbc48294707ba96
Black Flags: The Rise of ISIS,Nonfiction,One,£40.87,860318b8e244f39c
"Black Butler, Vol. 1 (Black Butler #1)",Sequential Art,One,£49.31,15f415d436888b2d
Big Little Lies,Fiction,One,£22.11,d3f9c4539c0caa64
Between Shades of Gray,Historical Fiction,Five,£20.79,155e42df837ee5ff
Best of My Love (Fool's Gold #20),Romance,Two,£27.41,67dea6c75d6a1075
Beowulf,Classics,Two,£38.35,3fb69f34e178d494
Beautiful Creatures (Caster Chronicles #1),Default,Five,£21.55,5439bae708bca198
Awkward,Sequential Art,Two,£38.02,1d89a2aa9f6ce50f
Ash,Fantasy,Four,£22.06,5d22e2a46604b6e7
Are We There Yet?,Childrens,Three,£10.66,ef9c4f2465513956
Are We Smart Enough to Know How Smart Animals Are?,Nonfiction,One,£56.58,da0349a87c8caa2f
Annie on My Mind,Young Adult,Five,£36.83,7bf87402413c27ff
And Then There Were None,Classics,Two,£35.01,cfe350b20d23b02b
A Walk in the Woods: Rediscovering America on the Appalachian Trail,Nonfiction,Four,£30.48,bcee4f289ff6699c
A Visit from the Goon Squad,Default,Five,£14.08,5dbd6ec4e154ad2f
A Storm of Swords (A Song of Ice and Fire #3),Fantasy,Two,£31.22,87beabf664115d79
A Heartbreaking Work of Staggering Genius,Autobiography,Five,£54.29,c9770bb1d5a492a0
8 Keys to Mental Health Through Exercise,Psychology,One,£31.04,f5873c8fc7760000
#GIRLBOSS,Add a comment,One,£50.96,165affa7adb5eded
"The Suffragettes (Little Black Classics, #96)",Nonfiction,Two,£11.89,d2185b65af52d68c
The Sense of an Ending,Add a comment,Three,£31.38,4130678275eb7c8c
"The Sandman, Vol. 2: The Doll's House (The Sandman (volumes) #2)",Sequential Art,One,£54.81,276dc716b1da8899
The Course of Love,Fiction,Three,£16.78,f3c76b53b239f511
Sugar Rush (Offensive Line #2),Sports and Games,One,£24.42,ce42e3de94226b2b
"Saga, Volume 2 (Saga (Collected Editions) #2)",Sequential Art,Three,£11.75,9189fd009df41d0e
"Run, Spot, Run: The Ethics of Keeping Pets",Philosophy,One,£20.02,b0e479be03911916
New Moon (Twilight #2),Young Adult,Four,£12.86,6fa3ea52c8e31e06
Life,Music,Five,£31.58,637e5a45062aa548
Kindle Paperwhite User's Guide,Nonfiction,Three,£34.00,fb495f9f9015a772
H is for Hawk,Nonfiction,Five,£57.42,b6d3f4f4ee1f6069
Girl Online On Tour (Girl Online #2),Young Adult,One,£53.47,97b8f130d32e9f4e
"Fruits Basket, Vol. 2 (Fruits Basket #2)",Sequential Art,Five,£11.64,c0db71f6bb14db11
Diary of a Minecraft Zombie Book 1: A Scare of a Dare (An Unofficial Minecraft Book),Childrens,Four,£52.88,d7b463918d3b8c39
"Y: The Last Man, Vol. 1: Unmanned (Y: The Last Man #1)",Sequential Art,Four,£18.51,09d26b5f819c6a36
While You Were Mine,Historical Fiction,Five,£41.32,8ceb5c6aed2c5f8b
Where Lightning Strikes (Bleeding Stars #3),Romance,Three,£39.77,def389ddfda6991b
When I'm Gone,Fiction,Three,£51.96,c5f91eb481427dc5
Ways of Seeing,Art,Five,£39.51,66a4e422b212726a
"Vampire Knight, Vol. 1 (Vampire Knight #1)",Paranormal,One,£15.40,e7e87087b1a44711
Vampire Girl (Vampire Girl #1),Fantasy,Two,£53.82,dab5e75d1339706a
Twenty Love Poems and a Song of Despair,Poetry,Four,£30.95,e63c3f25338baf9a
Travels with Charley: In Search of America,Nonfiction,Five,£57.82,0268f149d014b389
Three Wishes (River of Time: California #1),Science Fiction,Two,£44.18,460f97a346b44bac
This One Moment (Pushing Limits #1),Romance,One,£48.71,d6d98d3508c30f57
The Zombie Room,Default,Five,£19.69,9c96cd1329fbd82d
"The Wicked + The Divine, Vol. 1: The Faust Act (The Wicked + The Divine)",Sequential Art,Two,£36.52,dac9d1e654fac737
The Tumor,Nonfiction,Five,£41.56,6514add13c82b115
The Story of Hong Gildong,Classics,Four,£43.19,32d035df92ab9080
The Silent Wife,Fiction,Five,£12.34,b78deb463531d078
The Silent Twin (Detective Jennifer Knight #3),Fantasy,Three,£36.25,9e9932ae1a7d0943
The Selfish Gene,Science,One,£29.45,6f2c0a9adbb2bca9
The Secret Healer,Historical Fiction,Three,£34.56,38f776ab9118aed7
"The Sandman, Vol. 1: Preludes and Nocturnes (The Sandman (volumes) #1)",Sequential Art,Three,£54.12,5faefdc861684eb1
The Republic,Add a comment,Three,£33.78,0ec9d2b018fb10d8
The Odyssey,Add a comment,Three,£29.64,f0512adadffd2480
The No. 1 Ladies' Detective Agency (No. 1 Ladies' Detective Agency #1),Mystery,Four,£57.70,b0913e67d38d5ed5
The Nicomachean Ethics,Philosophy,One,£36.34,5c10b64db3e4f228
The Name of the Wind (The Kingkiller Chronicle #1),Default,Three,£50.59,c8614adb1a90b027
The Mirror & the Maze (The Wrath and the Dawn #1.5),Fantasy,One,£29.38,c40b70e0f6d80189
The Little Prince,Classics,Two,£45.42,1aeca7d078d57deb
The Light of the Fireflies,Add a comment,One,£54.43,04e43893e32f9d29
The Last Girl (The Dominion Trilogy #1),Science Fiction,Two,£36.26,16c71736dae78764
The Iliad,Add a comment,One,£16.16,86d8bd7afa5b51b3
The Hook Up (Game On #1),New Adult,Five,£36.29,6e473eff459e809f
The Haters,Young Adult,Five,£27.89,fff8a057a40c4a60
The Girl You Lost,Mystery,Five,£12.29,4280ac3eab57aa5d
The Girl In The Ice (DCI Erika Foster #1),Mystery,Three,£15.85,ee61197edb882599
The End of the Jesus Era (An Investigation #1),Nonfiction,One,£14.40,09659d1639a1f978
The Edge of Reason (Bridget Jones #2),Womens Fiction,Four,£19.18,29fc016c459aeb14
The Complete Maus (Maus #1-2),Sequential Art,Three,£10.64,3301af038a720587
The Communist Manifesto,Add a comment,Three,£14.76,18b4545a5ed15581
The Bhagavad Gita,Religion,Three,£57.49,f3a0b8c835129558
The Bette Davis Club,Fiction,Three,£30.66,dfb0849016bc122c
The Art of Not Breathing,Young Adult,Four,£40.83,5bc1fbccfbf2355c
Taking Shots (Assassins #1),Default,Two,£18.88,a7eef9d6795422c1
Starlark,Historical Fiction,Three,£25.83,e25164e5b3fe208b
"Skip Beat!, Vol. 01 (Skip Beat! #1)",Sequential Art,Three,£42.12,2ac720f76384c57e
Sister Sable (The Mad Queen #1),Fantasy,Three,£13.33,3a9a7c5895e82646
Shatter Me (Shatter Me #1),Default,One,£42.40,9ed7090d8fa690b0
Shameless,New Adult,Three,£58.35,c068c013d6921fea
Shadow Rites (Jane Yellowrock #10),Fantasy,Four,£21.72,229cd6564bf0dce4
Settling the Score (The Summer Games #1),Sports and Games,Two,£44.91,132adf7335bb384a
Sense and Sensibility,Classics,One,£37.46,35e44170702139a4
"Saga, Volume 1 (Saga (Collected Editions) #1)",Sequential Art,One,£28.48,4f64568dfefa3ce7
"Rhythm, Chord & Malykhin",Romance,Two,£28.34,9efb397067eb7e8a
"Rat Queens, Vol. 1: Sass & Sorcery (Rat Queens (Collected Editions) #1-5)",Sequential Art,Five,£46.96,3cdca3b4a93980f5
Paradise Lost (Paradise #1),Default,One,£24.96,849db7ab7f4a640c
"Paper Girls, Vol. 1 (Paper Girls #1-5)",Sequential Art,Four,£21.71,bcbcbcf0f6ed196f
"Ouran High School Host Club, Vol. 1 (Ouran High School Host Club #1)",Sequential Art,Three,£29.87,326825e02a198cf6
Origins (Alphas 0.5),Fantasy,One,£28.99,8932e5c12f12ffed
One Second (Seven #7),Fantasy,Two,£52.94,7ea31f38675b91c1
On the Road (Duluoz Legend),Default,Three,£32.36,9ff997ab15713e53
Old Records Never Die: One Man's Quest for His Vinyl and His Past,Music,Two,£55.66,a1985630339f4b3d
Off Sides (Off #1),New Adult,Five,£39.45,b6f1cfadc4dd79d4
Of Mice and Men,Classics,Two,£47.11,39592d9d72e717c4
Myriad (Prentor #1),Fantasy,Four,£58.75,63e20a0f98218a87
My Perfect Mistake (Over the Top #1),Romance,Two,£38.92,fd78f89878479f56
"Ms. Marvel, Vol. 1: No Normal (Ms. Marvel (2014-2015) #1)",Sequential Art,Four,£39.39,35a60467893aa168
Meditations,Philosophy,Two,£25.89,4f19709e47883df5
Matilda,Childrens,One,£28.34,1053fb7ee17a1f33
Lost Among the Living,Historical Fiction,Four,£27.70,d510567580c8be52
Lord of the Flies,Add a comment,Three,£24.89,71a6471bbdac21d9
Listen to Me (Fusion #1),Romance,Three,£58.99,6e712ea24e77bd96
Kitchens of the Great Midwest,Fiction,Five,£57.20,06f6a57a6d532844
Jane Eyre,Default,Five,£38.43,8d390a1fc3133d06
Imperfect Harmony,Romance,Four,£34.74,f28f7299d38c0932
Icing (Aces Hockey #2),Sports and Games,Four,£40.44,3455b45888fb5053
"Hawkeye, Vol. 1: My Life as a Weapon (Hawkeye #1)",Sequential Art,Three,£45.24,6fe02600f322a0a9
Having the Barbarian's Baby (Ice Planet Barbarians #7.5),Science Fiction,Four,£34.96,6717a70913b3db79
"Giant Days, Vol. 1 (Giant Days #1-4)",Sequential Art,Four,£56.76,eb0fe24bbc845ecc
"Fruits Basket, Vol. 1 (Fruits Basket #1)",Sequential Art,Five,£40.28,72e6fbf4f6382557
Frankenstein,Default,Two,£38.00,a492f49a3e2b6a71
Forever Rockers (The Rocker #12),Music,Three,£28.80,e564c3f1a93ccf2e
Fighting Fate (Fighting #6),Romance,Three,£39.24,6390772a3094939d
Emma,Classics,Two,£32.93,2e69730561ed70ad
"Eat, Pray, Love",Nonfiction,Three,£51.32,df56868afd166557
Deep Under (Walker Security #1),Romance,Five,£47.09,0072b94dfa30608e
Choosing Our Religion: The Spiritual Lives of America's Nones,Religion,Four,£28.42,a812f6969ddf3e39
Charlie and the Chocolate Factory (Charlie Bucket #1),Childrens,Three,£22.85,1774749f2cee292f
Charity's Cross (Charles Towne Belles #4),Romance,One,£41.24,a96404cb928895f3
Bright Lines,Fiction,Five,£39.07,230ac636ea0ea415
Bridget Jones's Diary (Bridget Jones #1),Womens Fiction,One,£29.82,a2b4b685dfa94733
Bounty (Colorado Mountain #7),Romance,Four,£37.26,abc0b15f2c907ff0
Blood Defense (Samantha Brinkman #1),Mystery,Three,£20.30,95cdfd514098c38b
"Bleach, Vol. 1: Strawberry and the Soul Reapers (Bleach #1)",Sequential Art,Five,£34.65,099fae4a0705d63b
Beyond Good and Evil,Philosophy,One,£43.38,08672cd59171d5e4
Alice in Wonderland (Alice's Adventures in Wonderland #1),Classics,One,£55.53,cd2a2a70dd5d176d
"Ajin: Demi-Human, Volume 1 (Ajin: Demi-Human #1)",Sequential Art,Four,£57.06,bfd5e1701c862ac3
A Spy's Devotion (The Regency Spies of London #1),Historical Fiction,Five,£16.97,19fec36a1dfb4c16
1st to Die (Women's Murder Club #1),Mystery,One,£53.98,f684a82adc49f011
"1,000 Places to See Before You Die",Travel,Five,£26.08,228ba5e7577e1d49
